FilePath,RunName,SpoligoType(MiruHero),SpoligoType(Spotyping),MiruType(MiruHero),MiruType(mirureader),Lineage(MiruHero),Lineages(tb-profiler),Resistance(tb-profiler),Family(SpolLineages)
fastalink200.1/GCA_001318865.1_5237_8_11_genomic.fasta,GCA_001318865.1_5237_8_11_genomic,777777777760771,777777777760771,2121221212112-122-111112,21211212----2121-122----,Euro-American,lineage4.8,ND,T1
fastalink200.1/GCA_001322205.1_6954_7_37_genomic.fasta,GCA_001322205.1_6954_7_37_genomic,000000000003771,000000000003771,2132241213212-2211132312,213113242223414121232-12,East Asian,lineage2.2.1,rifampicin(R),Beijing
fastalink200.1/GCA_001322345.1_6954_7_4_genomic.fasta,GCA_001322345.1_6954_7_4_genomic,000000000003771,000000000003771,212222151223212211121122,2131322322222221-1322-12,East Asian,lineage2.2.1,rifampicin(R),Beijing
fastalink200.1/GCA_001318145.1_4948_5_6_genomic.fasta,GCA_001318145.1_4948_5_6_genomic,777737557760771,777737557760771,21321213132211222111-112,213123-2121-2121312322-2,Euro-American,lineage4.7,ND,T5-Madrid2
fastalink200.1/GCA_001323685.1_7841_6_4_genomic.fasta,GCA_001323685.1_7841_6_4_genomic,000000000003771,000000000003771,212222131221212321222122,223112232323222131322212,East Asian,lineage2.2.1,streptomycin(R),Beijing
fastalink200.1/GCA_001318565.1_5237_7_7_genomic.fasta,GCA_001318565.1_5237_7_7_genomic,674000003413771,674000003413771,213223221222111111111112,212-232-21-22-3221222112,Indo-Oceanic,lineage1.2.1.2.1,ND,EAI2-Nonthaburi
fastalink200.1/GCA_001322385.1_6954_1_95_genomic.fasta,GCA_001322385.1_6954_1_95_genomic,000000000003771,000000000003771,232223131322212411112112,213-22222-23223131232-12,East Asian,lineage2.2.1,rifampicin(R),Beijing
fastalink200.1/GCA_001318545.1_5477_8_1_genomic.fasta,GCA_001318545.1_5477_8_1_genomic,000000000003771,000000000003771,2211111112211-121-122112,2-22111312132111-12221-2,East Asian,lineage2.2.1,rifampicin(R),Beijing
fastalink200.1/GCA_001318465.1_5477_7_4_genomic.fasta,GCA_001318465.1_5477_7_4_genomic,777777777760771,777777777760771,2221111412213-22-1111112,213212121232211141222--2,Euro-American,lineage4.1.2.1,streptomycin(R),T1
fastalink200.1/GCA_001324265.1_7755_2_44_genomic.fasta,GCA_001324265.1_7755_2_44_genomic,770000770000000,770000770000000,212122121321212221112122,213112122223222121332-12,Euro-American,lineage4.8,ND,Unknown
fastalink200.1/GCA_001322045.1_6954_8_70_genomic.fasta,GCA_001322045.1_6954_8_70_genomic,677777607760771,677777607760771,312222121221111222111-12,312112222212122121222-22,Euro-American,lineage4.3.4.1,ND,LAM1
fastalink200.1/GCA_001323405.1_7841_7_59_genomic.fasta,GCA_001323405.1_7841_7_59_genomic,000000000003771,000000000003771,232222122322211311111112,212-22222-22222122232-12,East Asian,lineage2.2.1,ofloxacin(R),Beijing
fastalink200.1/GCA_001318685.1_5319_2_10_genomic.fasta,GCA_001318685.1_5319_2_10_genomic,000000000003771,000000000003771,212222131231311411221122,2-21122----22221-1322--3,East Asian,lineage2.2.1,ND,Beijing
fastalink200.1/GCA_001323205.1_7314_8_81_genomic.fasta,GCA_001323205.1_7314_8_81_genomic,000000000003771,000000000003771,232223142322211231312112,232-22222-232231422323-2,East Asian,lineage2.2.1,ofloxacin(R),Beijing
fastalink200.1/GCA_001318505.1_5477_8_2_genomic.fasta,GCA_001318505.1_5477_8_2_genomic,777777777760771,777777777760771,2112111311212-121-121112,2121112312222111312121-2,Euro-American,lineage4.1.2.1,ND,T1
fastalink200.1/GCA_001317905.1_5227_8_3_genomic.fasta,GCA_001317905.1_5227_8_3_genomic,000000000003771,000000000003771,2122221322213123-111-112,2--112-------221-22-2--2,East Asian,lineage2.2.1,streptomycin(R),Beijing
fastalink200.1/GCA_001324445.1_7935_3_90_genomic.fasta,GCA_001324445.1_7935_3_90_genomic,703777740003771,703777740003771,212212141222311222111312,2121222212324221412222-2,East-African Indian,lineage3,ND,CAS1-Delhi
fastalink200.1/GCA_001318645.1_6505_5_1_genomic.fasta,GCA_001318645.1_6505_5_1_genomic,000000000000000,000000000000000,------------------------,------------------------,Cannot be determined,lineage4.9,ND,ATYPICAL
fastalink200.1/GCA_001323465.1_7156_7_92_genomic.fasta,GCA_001323465.1_7156_7_92_genomic,000000000003771,000000000003771,213222121221211411211122,222113222-22222121322-12,East Asian,lineage2.2.1,rifampicin(R),Beijing
fastalink200.1/GCA_001318825.1_5237_8_6_genomic.fasta,GCA_001318825.1_5237_8_6_genomic,677737607760771,677737607760771,2222231222212112--112-12,2-2212222--31231-2222--2,Euro-American,lineage4.3.4.1,capreomycin(R),LAM
fastalink200.1/GCA_001322625.1_6954_7_9_genomic.fasta,GCA_001322625.1_6954_7_9_genomic,774777777420771,774777777420771,214212113221213221111212,21-11-221222322113222-12,Euro-American,lineage4.2.1,ND,Ural-1
fastalink200.1/GCA_001321765.1_6954_8_56_genomic.fasta,GCA_001321765.1_6954_8_56_genomic,777777607760771,777777607760771,1222231212-1111211122-22,112-12232213123121322-11,Euro-American,lineage4.3.3,rifampicin(R),LAM9
fastalink200.1/GCA_001323865.1_7755_5_70_genomic.fasta,GCA_001323865.1_7755_5_70_genomic,000000000003771,000000000003771,2122221222212125-1121122,213112232522222122322-12,East Asian,lineage2.2.1,streptomycin(R),Beijing
fastalink200.1/GCA_001322665.1_6972_6_37_genomic.fasta,GCA_001322665.1_6972_6_37_genomic,777777377760771,777777377760771,1121131212221-22-11-1112,113122121212213121222-12,Euro-American,lineage4.8,ND,T4
fastalink200.1/GCA_001318925.1_6505_1_7_genomic.fasta,GCA_001318925.1_6505_1_7_genomic,703573740003771,703573740003771,22112211-121--12-----1--,2-22-1---2--2-21-------2,East-African Indian,ND,capreomycin(R),CAS1-Delhi
fastalink200.1/GCA_001318425.1_6505_1_1_genomic.fasta,GCA_001318425.1_6505_1_1_genomic,703777747770671,703777747770671,1-11-21111123-11---1-1--,--2-2----1--------------,Cannot be determined,lineage3.1.3,ND,Manu3
fastalink200.1/GCA_001323925.1_7755_5_71_genomic.fasta,GCA_001323925.1_7755_5_71_genomic,777777777760771,777777777760771,221122122221111221112112,212-11122213222122222-12,Euro-American,lineage4.8,ND,T1
fastalink200.1/GCA_001324205.1_7755_2_27_genomic.fasta,GCA_001324205.1_7755_2_27_genomic,777760007760771,777760007760771,1122251212211112-1113-22,11211222221412-121322--2,Euro-American,lineage4.3.3,ND,LAM-RUS
fastalink200.1/GCA_001322605.1_6954_1_65_genomic.fasta,GCA_001322605.1_6954_1_65_genomic,000000000003771,000000000003771,213222121321211211322122,2-2113232223222121332-12,East Asian,lineage2.2.1,ofloxacin(R),Beijing
fastalink200.1/GCA_001322525.1_6586_8_6_genomic.fasta,GCA_001322525.1_6586_8_6_genomic,777777777760771,777777777760771,222322131225211221211112,2222-232-222222131222212,Euro-American,lineage4.1.3,rifampicin(R),T1
fastalink200.1/GCA_001322285.1_6954_1_96_genomic.fasta,GCA_001322285.1_6954_1_96_genomic,000000000003771,000000000003771,213224123322211411112122,212123222-23224123332-12,East Asian,lineage2.2.1,ofloxacin(R),Beijing
fastalink200.1/GCA_001318845.1_5237_8_9_genomic.fasta,GCA_001318845.1_5237_8_9_genomic,774137607760771,774137607760771,2223221312211-121-1--1-1,2-221231221324-1-11211-2,Euro-American,lineage4.3.2,ND,LAM5
fastalink200.1/GCA_001324625.1_7935_3_82_genomic.fasta,GCA_001324625.1_7935_3_82_genomic,000000000003731,000000000003731,212212131222211431322112,2-2122231-23222131222-12,East Asian,lineage2.2.1,ofloxacin(R),Beijing
fastalink200.1/GCA_001321725.1_6954_8_69_genomic.fasta,GCA_001321725.1_6954_8_69_genomic,000000000003771,000000000003771,212212151421411231311122,2-2112221--22221-13-2312,East Asian,lineage2.2.1,rifampicin(R),Beijing
fastalink200.1/GCA_001321745.1_6954_8_55_genomic.fasta,GCA_001321745.1_6954_8_55_genomic,777777770000771,777777770000771,2-3122122221211211112122,212013122223222122322-12,Euro-American,lineage4.8,streptomycin(R),Unknown
fastalink200.1/GCA_001323885.1_7755_3_82_genomic.fasta,GCA_001323885.1_7755_3_82_genomic,000000000003771,000000000003771,232222141322211221112112,212-222222232221412322-2,East Asian,lineage2.2.1,ofloxacin(R),Beijing
fastalink200.1/GCA_001322945.1_7156_7_86_genomic.fasta,GCA_001322945.1_7156_7_86_genomic,000000000003771,000000000003771,212222121222211221212122,222122222223222121322212,East Asian,lineage2.2.1,streptomycin(R),Beijing
fastalink200.1/GCA_001322785.1_7755_3_67_genomic.fasta,GCA_001322785.1_7755_3_67_genomic,777777777760771,777777777760771,21212212222-212251111114,21310212222222212222-5-2,Euro-American,lineage4.8,ND,T1
fastalink200.1/GCA_001323845.1_7841_7_74_genomic.fasta,GCA_001323845.1_7841_7_74_genomic,000000000003771,000000000003771,223222121321211411221113,222213232-22222121233-12,East Asian,lineage2.2.1,rifampicin(R),Beijing
fastalink200.1/GCA_001323805.1_7156_6_10_genomic.fasta,GCA_001323805.1_7156_6_10_genomic,774777777020771,774777777420771,222222113222211222111112,212-22222222222113222--2,Euro-American,lineage4.2.1,isoniazid(R),H3
fastalink200.1/GCA_001323605.1_7755_2_5_genomic.fasta,GCA_001323605.1_7755_2_5_genomic,000000000003771,000000000003771,212222121321312421111112,213112222-32222121232212,East Asian,lineage2.2.1,ND,Beijing
fastalink200.1/GCA_001324585.1_7935_3_85_genomic.fasta,GCA_001324585.1_7935_3_85_genomic,000000000003771,000000000003771,213212141223311221212122,22213322123322214132-212,East Asian,lineage2.2.1,ND,Beijing
fastalink200.1/GCA_001323345.1_7841_6_26_genomic.fasta,GCA_001323345.1_7841_6_26_genomic,000000000003771,000000000003771,211222161321111411222112,222111232--32221-1232-12,East Asian,lineage2.2.1,ofloxacin(R),Beijing
fastalink200.1/GCA_001324245.1_7755_3_94_genomic.fasta,GCA_001324245.1_7755_3_94_genomic,000000000003771,000000000003771,212222121221312421111122,213112222-322221213222-2,East Asian,lineage2.2.1,ND,Beijing
fastalink200.1/GCA_001322565.1_6586_8_7_genomic.fasta,GCA_001322565.1_6586_8_7_genomic,777777777760771,777777777760771,212122123322211421111114,212122122-2222212323-2-2,Euro-American,lineage4.8,rifampicin(R),T1
fastalink200.1/GCA_001317885.1_5227_7_11_genomic.fasta,GCA_001317885.1_5227_7_11_genomic,000000000003771,000000000003771,2222221212211114--11-112,2122122-----2221-1222--2,East Asian,lineage2.2.1,streptomycin(R),Beijing
fastalink200.1/GCA_001324405.1_7935_3_88_genomic.fasta,GCA_001324405.1_7935_3_88_genomic,000000000003771,000000000003771,213222161322211421211112,222123222-222221-1232212,East Asian,lineage2.2.1,ofloxacin(R),Beijing
fastalink200.1/GCA_001323545.1_7769_8_93_genomic.fasta,GCA_001323545.1_7769_8_93_genomic,000000000003771,000000000003771,212222142322211211222112,222122232223222142232-12,East Asian,lineage2.2.1,rifampicin(R),Beijing
fastalink200.1/GCA_001323305.1_7755_4_16_genomic.fasta,GCA_001323305.1_7755_4_16_genomic,707777770160731,707777770160731,2223221222221111211-1122,212222322112222122322212,Euro-American,lineage4.8,streptomycin(R),T2
fastalink200.1/GCA_001322725.1_7156_7_70_genomic.fasta,GCA_001322725.1_7156_7_70_genomic,000000000003771,000000000003771,212222121322212211122212,213122232223322121232-12,East Asian,lineage2.2.1,rifampicin(R),Beijing
fastalink200.1/GCA_001321925.1_6954_7_30_genomic.fasta,GCA_001321925.1_6954_7_30_genomic,000000000003771,000000000003771,222222122321212211111112,213-12222-22222122232-12,East Asian,lineage2.2.1,ofloxacin(R),Beijing
fastalink200.1/GCA_001322225.1_6972_6_43_genomic.fasta,GCA_001322225.1_6972_6_43_genomic,000000000003771,000000000003771,2121131212212-22-1111122,213112121222213121322-12,East Asian,lineage2.2.1,rifampicin(R),Beijing
fastalink200.1/GCA_001323565.1_7755_4_39_genomic.fasta,GCA_001323565.1_7755_4_39_genomic,000000000003771,000000000003771,212225121322211421212122,222122222-23225121332-12,East Asian,lineage2.2.1,ND,Beijing
fastalink200.1/GCA_001318285.1_6505_1_2_genomic.fasta,GCA_001318285.1_6505_1_2_genomic,703777747770071,703777747770071,2212221121222-111-1--214,21222-2--12-3-21-221-1-2,Cannot be determined,lineage3.1.3,ND,Unknown
fastalink200.1/GCA_001323725.1_7841_7_52_genomic.fasta,GCA_001323725.1_7841_7_52_genomic,000000000003771,000000000003771,223322122322211312122122,212223332-23222122332-22,East Asian,lineage2.2.1,ofloxacin(R),Beijing
fastalink200.1/GCA_001317365.1_ASM131736v1_genomic.fasta,GCA_001317365.1_ASM131736v1_genomic,000000000003771,000000000003771,2233281c3533513532423323,2442333325544281C3353223,East Asian,lineage2.2.1,ND,Beijing
fastalink200.1/GCA_001322485.1_6954_1_79_genomic.fasta,GCA_001322485.1_6954_1_79_genomic,777777777420771,777777777420771,223225113221212211121112,213-13232222225113222-12,Euro-American,lineage4.2.1,ND,Ural-1
fastalink200.1/GCA_001323085.1_7755_3_93_genomic.fasta,GCA_001323085.1_7755_3_93_genomic,000000000003771,000000000003771,222222122322212211411112,243-22222222222122232--2,East Asian,lineage2.2.1,ofloxacin(R),Beijing
fastalink200.1/GCA_001323005.1_7841_6_40_genomic.fasta,GCA_001323005.1_7841_6_40_genomic,000000000003771,000000000003771,212212151222212321112123,213122221-232221-1323212,East Asian,lineage2.2.1,rifampicin(R),Beijing
fastalink200.1/GCA_001323105.1_7769_8_69_genomic.fasta,GCA_001323105.1_7769_8_69_genomic,000000000003771,000000000003771,222222141221211421211222,222212222-22322141322--2,East Asian,lineage2.2.1,rifampicin(R),Beijing
fastalink200.1/GCA_001322705.1_7841_6_21_genomic.fasta,GCA_001322705.1_7841_6_21_genomic,000000000003771,000000000003771,223212121322211411111122,212223221-22222121332-12,East Asian,lineage2.2.1,rifampicin(R),Beijing
fastalink200.1/GCA_001322085.1_6954_1_70_genomic.fasta,GCA_001322085.1_6954_1_70_genomic,777737777420771,777737777420771,213224113322311111112112,2121232221-3224113232-12,Euro-American,lineage4.2.1.1,ND,Ural-1
fastalink200.1/GCA_001322765.1_7769_7_26_genomic.fasta,GCA_001322765.1_7769_7_26_genomic,000000000003771,000000000003771,232222122323211531112112,212-32222-23222122232312,East Asian,lineage2.2.1,streptomycin(R),Beijing
fastalink200.1/GCA_001323905.1_7156_7_77_genomic.fasta,GCA_001323905.1_7156_7_77_genomic,000000000003771,000000000003771,213222122222211221222122,222123232223222122322-12,East Asian,lineage2.2.1,ND,Beijing
fastalink200.1/GCA_001324465.1_7935_3_71_genomic.fasta,GCA_001324465.1_7935_3_71_genomic,000000000003771,000000000003771,212222121222211411111122,212122222-22222121322-12,East Asian,lineage2.2.1,streptomycin(R),Beijing
fastalink200.1/GCA_001322685.1_6972_6_35_genomic.fasta,GCA_001322685.1_6972_6_35_genomic,000000000003771,000000000003771,2231141222312-22-1212112,223213121223214122222-13,East Asian,lineage2.2.1,rifampicin(R),Beijing
fastalink200.1/GCA_001318665.1_5319_2_11_genomic.fasta,GCA_001318665.1_5319_2_11_genomic,000000000003771,000000000003771,212222131221111311121122,2121122----22221-1322--2,East Asian,lineage2.2.1,ND,Beijing
fastalink200.1/GCA_001324545.1_7935_3_84_genomic.fasta,GCA_001324545.1_7935_3_84_genomic,703777740003771,703777740003771,2132221222323112-2122122,212123232233222122222--3,East-African Indian,lineage3,ND,CAS1-Delhi
fastalink200.1/GCA_001322325.1_6972_6_40_genomic.fasta,GCA_001322325.1_6972_6_40_genomic,000000000003771,000000000003771,2221121212211-12211121-2,212212121213212121122212,East Asian,lineage2.2.1,streptomycin(R),Beijing
fastalink200.1/GCA_001323225.1_7755_2_39_genomic.fasta,GCA_001323225.1_7755_2_39_genomic,777777777760771,777777777760771,2122221222211114212-1112,2-2112222-1222-122222212,Euro-American,lineage4.8,ND,T1
fastalink200.1/GCA_001323245.1_7314_8_85_genomic.fasta,GCA_001323245.1_7314_8_85_genomic,000000000003771,000000000003771,222222121222211421121122,212222232-222221213222-2,East Asian,lineage2.2.1,ND,Beijing
fastalink200.1/GCA_001319005.1_5237_7_11_genomic.fasta,GCA_001319005.1_5237_7_11_genomic,776777777760731,776777777760731,2122221222211113-1116112,21211222---7222122222--2,Euro-American,lineage4.1.2.1,ND,T2
fastalink200.1/GCA_001318905.1_6505_1_11_genomic.fasta,GCA_001318905.1_6505_1_11_genomic,777777774020731,777777774020731,2112621111211-12--11-1--,21-11-22-2---121-11----2,Euro-American,lineage4.1,capreomycin(R),H1
fastalink200.1/GCA_001324105.1_7156_6_29_genomic.fasta,GCA_001324105.1_7156_6_29_genomic,777777777760771,777777777760771,2122251223222122111-2112,213122222-23225122232-12,Euro-American,lineage4.8,ND,T1
fastalink200.1/GCA_001317965.1_5227_6_7_genomic.fasta,GCA_001317965.1_5227_6_7_genomic,777737557760771,777737557760771,21222213132231131-111112,2121-222----2221-1232--2,Euro-American,lineage4.7,ND,T5-Madrid2
fastalink200.1/GCA_001323045.1_7755_5_58_genomic.fasta,GCA_001323045.1_7755_5_58_genomic,000000000003771,000000000003771,212222122223212321112112,213132222-23222122222212,East Asian,lineage2.2.1,ofloxacin(R),Beijing
fastalink200.1/GCA_001318085.1_5227_7_10_genomic.fasta,GCA_001318085.1_5227_7_10_genomic,000000000003771,000000000003771,21232213132111131-111112,2121123-2--22221-1232--2,East Asian,lineage2.2.1,streptomycin(R),Beijing
fastalink200.1/GCA_001318605.1_5505_8_5_genomic.fasta,GCA_001318605.1_5505_8_5_genomic,000000000003771,000000000003771,2-21111112211-12-1222112,2220121312132111-1222-12,East Asian,lineage2.2.1,ND,Beijing
fastalink200.1/GCA_001323745.1_7841_6_11_genomic.fasta,GCA_001323745.1_7841_6_11_genomic,000000000003771,000000000003771,222322122223211311122123,212-32332-23222122323--2,East Asian,lineage2.2.1,rifampicin(R),Beijing
fastalink200.1/GCA_001317985.1_5227_5_2_genomic.fasta,GCA_001317985.1_5227_5_2_genomic,777777607760771,777777607760771,21222213122221132-111-12,2-212222---21221--22-2-2,Euro-American,lineage4.3,ND,LAM9
fastalink200.1/GCA_001323705.1_7841_6_13_genomic.fasta,GCA_001323705.1_7841_6_13_genomic,000000000003771,000000000003771,223222121222211331112122,212-23222-23222121322-12,East Asian,lineage2.2.1,rifampicin(R),Beijing
fastalink200.1/GCA_001318625.1_5505_8_4_genomic.fasta,GCA_001318625.1_5505_8_4_genomic,000000000003771,000000000003771,2111111111221-12-1221112,2-21211312122111-1212-12,East Asian,lineage2.2.1,ND,Beijing
fastalink200.1/GCA_001324285.1_7314_8_76_genomic.fasta,GCA_001324285.1_7314_8_76_genomic,000000000003771,000000000003771,212222122322212421121112,213122232-22222122232-12,East Asian,lineage2.2.1,ND,Beijing
fastalink200.1/GCA_001318445.1_6505_5_10_genomic.fasta,GCA_001318445.1_6505_5_10_genomic,000000000003771,000000000003771,222121111122-112-11-111-,2--2221------2-1--21---3,East Asian,lineage2.2.1,rifampicin(R),Beijing
fastalink200.1/GCA_001324565.1_7935_3_77_genomic.fasta,GCA_001324565.1_7935_3_77_genomic,000000000003771,000000000003771,2322221212212124-1111122,213-12222-22222121322-12,East Asian,lineage2.2.1,rifampicin(R),Beijing
fastalink200.1/GCA_001323645.1_7755_5_49_genomic.fasta,GCA_001323645.1_7755_5_49_genomic,777777774020771,777777774020771,213224141321211111112113,212113222123224141233112,Euro-American,lineage4.1.2.1,rifampicin(R),H1
fastalink200.1/GCA_001318005.1_5227_6_4_genomic.fasta,GCA_001318005.1_5227_6_4_genomic,770600000200050,770600000200050,1--1111121--1-12---111-1,1-202-121--1211112111--1,Euro-American,lineage4.2.2.1,ND,AFRI
fastalink200.1/GCA_001322365.1_6954_8_87_genomic.fasta,GCA_001322365.1_6954_8_87_genomic,000000000003771,000000000003771,222222121221212311121122,213-12232-22222121322-12,East Asian,lineage2.2.1,rifampicin(R),Beijing
fastalink200.1/GCA_001323145.1_7769_8_68_genomic.fasta,GCA_001323145.1_7769_8_68_genomic,777740003760771,777740003760771,112224142222211221122-22,112122232223124142322212,Euro-American,lineage4.3.3,ND,T1
fastalink200.1/GCA_001318125.1_4948_5_4_genomic.fasta,GCA_001318125.1_4948_5_4_genomic,763777557760771,763777557760771,2124121212211122--11--2-,2131--42-21---21-132---2,Euro-American,lineage4.7,ND,T5-Madrid2
fastalink200.1/GCA_001322925.1_7841_6_37_genomic.fasta,GCA_001322925.1_7841_6_37_genomic,777777377760771,777777377760771,212222122321211321112112,212112222323222122232-12,Euro-American,lineage4.1.2,ND,T4
fastalink200.1/GCA_001324165.1_7769_8_89_genomic.fasta,GCA_001324165.1_7769_8_89_genomic,000000000003771,000000000003771,222214121321212221122112,213-12231223224121232-12,East Asian,lineage2.2.1,ND,Beijing
fastalink200.1/GCA_001318525.1_5477_7_10_genomic.fasta,GCA_001318525.1_5477_7_10_genomic,777701777760771,777701777760771,2221111212213-12112-1112,222212111232221121222112,Euro-American,lineage4.4.1.2,ofloxacin(R),T1
fastalink200.1/GCA_001321685.1_6972_6_21_genomic.fasta,GCA_001321685.1_6972_6_21_genomic,000000000003771,000000000003771,2221231222312-12-1122122,212212132223213122322-13,East Asian,lineage2.2.1,ND,Beijing
fastalink200.1/GCA_001323285.1_7841_6_28_genomic.fasta,GCA_001323285.1_7841_6_28_genomic,377737777420771,377737777420771,2142221133214121-2212112,2231142221-3222113232-22,Euro-American,lineage4.2.1.1,ND,Ural-1
fastalink200.1/GCA_001318745.1_5477_7_1_genomic.fasta,GCA_001318745.1_5477_7_1_genomic,000000000003771,000000000003771,2121111112221-12-1121112,2121221312122111-1222-12,East Asian,lineage2.2.1,ofloxacin(R),Beijing
fastalink200.1/GCA_001324045.1_7769_7_6_genomic.fasta,GCA_001324045.1_7769_7_6_genomic,777737777420731,777737777420731,214222113222312122212112,2231242221332221132222-2,Euro-American,lineage4.2.1.1,rifampicin(R),Ural-1
fastalink200.1/GCA_001324425.1_7935_3_89_genomic.fasta,GCA_001324425.1_7935_3_89_genomic,000000000003771,000000000003771,212222151321211222112112,2121122222232221-1232222,East Asian,lineage2.2.1.1,ofloxacin(R),Beijing
fastalink200.1/GCA_001323185.1_7755_2_37_genomic.fasta,GCA_001323185.1_7755_2_37_genomic,734777777420731,734777777420731,214225113221211222122122,212114232223225113322--2,Euro-American,lineage4.2.1,rifampicin(R),Ural-1
fastalink200.1/GCA_001323525.1_7755_4_38_genomic.fasta,GCA_001323525.1_7755_4_38_genomic,000000000003771,000000000003771,212222121322212211112112,213122222-23222121232-12,East Asian,lineage2.2.1,rifampicin(R),Beijing
fastalink200.1/GCA_001318765.1_4948_5_3_genomic.fasta,GCA_001318765.1_4948_5_3_genomic,777737557760771,777737557760771,2122121233111-121-111112,2121-2-2-2--2--1-3-3---1,Euro-American,lineage4.7,ND,T5-Madrid2
fastalink200.1/GCA_001321985.1_6954_7_43_genomic.fasta,GCA_001321985.1_6954_7_43_genomic,777777777760771,777777777760771,21212412132-213221122114,21-102132223224121234-12,Euro-American,lineage4.8,rifampicin(R),T1
fastalink200.1/GCA_001324005.1_7755_2_12_genomic.fasta,GCA_001324005.1_7755_2_12_genomic,774777777420771,774777777420771,234128113222211222111222,212-24122222328113322--2,Euro-American,lineage4.2.1,isoniazid(R),Ural-1
fastalink200.1/GCA_001318705.1_5319_2_8_genomic.fasta,GCA_001318705.1_5319_2_8_genomic,000000000003771,000000000003771,212228131221111411221112,2-21122-2--22281-1222--2,East Asian,lineage2.2.1.1,ND,Beijing
fastalink200.1/GCA_001318805.1_6505_5_5_genomic.fasta,GCA_001318805.1_6505_5_5_genomic,777777777760771,777777777760771,2-1--2---1211-11-----1--,2---1------------------3,Euro-American,lineage4,ND,T1
fastalink200.1/GCA_001322865.1_7755_3_73_genomic.fasta,GCA_001322865.1_7755_3_73_genomic,777777777740131,777777777740131,212224121221211221311322,232112222222424121322--2,Euro-American,lineage4.1.2,ND,T2
fastalink200.1/GCA_001318965.1_6505_2_9_genomic.fasta,GCA_001318965.1_6505_2_9_genomic,776177607760771,776177607760771,2211111111231-12-12211-1,2222311312122111-1111-12,Euro-American,lineage4.3.2,ND,LAM3
fastalink200.1/GCA_001322245.1_6954_1_59_genomic.fasta,GCA_001322245.1_6954_1_59_genomic,000000000003771,000000000003771,212222121221111331112122,212112222-13222121322312,East Asian,lineage2.2.1,streptomycin(R),Beijing
fastalink200.1/GCA_001323965.1_7755_3_75_genomic.fasta,GCA_001323965.1_7755_3_75_genomic,777777600060771,777777600060771,2222221213-11-12-1212-12,222212222213112121232-11,Euro-American,lineage4.3.4.2,isoniazid(R),T1
fastalink200.1/GCA_001318945.1_6505_2_8_genomic.fasta,GCA_001318945.1_6505_2_8_genomic,654000003413771,654000003413771,1211221111-11-21-1111132,1132111-21-22-2111412-11,Indo-Oceanic,lineage1.2.1.2.1,ND,EAI2-Nonthaburi
fastalink200.1/GCA_001322465.1_6954_1_94_genomic.fasta,GCA_001322465.1_6954_1_94_genomic,000000000003771,000000000003771,213222121321211411512212,2-2113222-23322121232-12,East Asian,lineage2.2.1,rifampicin(R),Beijing
fastalink200.1/GCA_001323025.1_7755_2_18_genomic.fasta,GCA_001323025.1_7755_2_18_genomic,000000000003771,000000000003771,212222132322211421212112,222122222-23222132232212,East Asian,lineage2.2.1,streptomycin(R),Beijing
fastalink200.1/GCA_001323625.1_7755_4_48_genomic.fasta,GCA_001323625.1_7755_4_48_genomic,000000000003771,000000000003771,222222122221211421112122,212-12222-23222122322212,East Asian,lineage2.2.1,ND,Beijing
fastalink200.1/GCA_001324185.1_7755_3_96_genomic.fasta,GCA_001324185.1_7755_3_96_genomic,777777777760731,777777777760731,232122121222211221112124,212-2212222322212132---2,Euro-American,lineage4.8,ND,T2
fastalink200.1/GCA_001323065.1_7755_5_59_genomic.fasta,GCA_001323065.1_7755_5_59_genomic,774777777420771,774777777420771,214225113221112222112122,213114222213225113322--2,Euro-American,lineage4.2.1,ND,Ural-1
fastalink200.1/GCA_001322745.1_7156_7_67_genomic.fasta,GCA_001322745.1_7156_7_67_genomic,000000000003771,000000000003771,232222122222211311212122,222-22222-23222122322-12,East Asian,lineage2.2.1,ND,Beijing
fastalink200.1/GCA_001318725.1_6505_2_6_genomic.fasta,GCA_001318725.1_6505_2_6_genomic,776177607760771,776177607760771,2211211111211-12-12111-1,22221112221221-111111-12,Euro-American,lineage4.3.2,ND,LAM3
fastalink200.1/GCA_001321905.1_6972_6_23_genomic.fasta,GCA_001321905.1_6972_6_23_genomic,000000000003771,000000000003771,2131131113322-12-1311112,2-2123121222213111232-13,East Asian,lineage2.2.1,rifampicin(R),Beijing
fastalink200.1/GCA_001322505.1_6954_1_92_genomic.fasta,GCA_001322505.1_6954_1_92_genomic,000000000003771,000000000003771,212225131221212211121112,213112232222225131222-12,East Asian,lineage2.2.1,ofloxacin(R),Beijing
fastalink200.1/GCA_001322885.1_7841_7_91_genomic.fasta,GCA_001322885.1_7841_7_91_genomic,000000000003771,000000000003771,212222122323211311211112,222132222322222122232-12,East Asian,lineage2.2.1,rifampicin(R),Beijing
fastalink200.1/GCA_001324125.1_7769_7_5_genomic.fasta,GCA_001324125.1_7769_7_5_genomic,000000000003771,000000000003771,213222123322212421112112,213123222-23222123232212,East Asian,lineage2.2.1,ND,Beijing
fastalink200.1/GCA_001318065.1_4925_1_3_genomic.fasta,GCA_001318065.1_4925_1_3_genomic,777776207460771,777776207460771,1---221-12131--1--2-1-1-,----------1-------------,Euro-American,lineage4,ND,LAM9
fastalink200.1/GCA_001318985.1_6505_4_7_genomic.fasta,GCA_001318985.1_6505_4_7_genomic,774137607760771,774137607760771,2211211111222-12--2121-1,2222211222232111-1112-12,Euro-American,lineage4.3.2,ND,LAM5
fastalink200.1/GCA_001324025.1_7769_8_58_genomic.fasta,GCA_001324025.1_7769_8_58_genomic,000000000003771,000000000003771,212225131322311211211112,222122222232225131232-12,East Asian,lineage2.2.1,ofloxacin(R),Beijing
fastalink200.1/GCA_001323945.1_7769_8_53_genomic.fasta,GCA_001323945.1_7769_8_53_genomic,000000000003771,000000000003771,232225142322212421131112,213-22242-22225142232-12,East Asian,lineage2.2.1,ofloxacin(R),Beijing
fastalink200.1/GCA_001317945.1_5227_7_3_genomic.fasta,GCA_001317945.1_5227_7_3_genomic,737777607760700,737777607760700,2122221212212-131-112-12,212112222--411-121-22--2,Euro-American,lineage4.3.4.2,ND,LAM4
fastalink200.1/GCA_001323265.1_7314_8_84_genomic.fasta,GCA_001323265.1_7314_8_84_genomic,777777607760771,777777607760771,212222133222111221212-22,2221222222131221333222-2,Euro-American,lineage4.3.3,rifampicin(R),LAM9
fastalink200.1/GCA_001322985.1_7841_6_16_genomic.fasta,GCA_001322985.1_7841_6_16_genomic,777777777760771,777777777760771,212122132322221221311113,23212212222223213223---2,Euro-American,lineage4.8,ND,T1
fastalink200.1/GCA_001322025.1_6954_1_55_genomic.fasta,GCA_001322025.1_6954_1_55_genomic,000000000003771,000000000003771,212212131321212211111212,213112221222322131232-12,East Asian,lineage2.2.1,streptomycin(R),Beijing
fastalink200.1/GCA_001323385.1_7755_4_43_genomic.fasta,GCA_001323385.1_7755_4_43_genomic,000000000003771,000000000003771,222325142332211421112212,212222322-233251422322-3,East Asian,lineage2.2.1,rifampicin(R),Beijing
fastalink200.1/GCA_001321805.1_6954_8_67_genomic.fasta,GCA_001321805.1_6954_8_67_genomic,003777607760771,003777607760771,112213122222111211112-22,112122221213123122322-12,Euro-American,lineage4.3.3,ND,LAM1
fastalink200.1/GCA_001322125.1_6954_8_73_genomic.fasta,GCA_001322125.1_6954_8_73_genomic,000000000003771,000000000003771,223222151222211221222112,222223232-232221-1222-12,East Asian,lineage2.2.1,rifampicin(R),Beijing
fastalink200.1/GCA_001322805.1_7156_7_68_genomic.fasta,GCA_001322805.1_7156_7_68_genomic,777760007760771,777760007760771,112223121222211211123-11,112122232224123121221312,Euro-American,lineage4.3.3,ND,LAM-RUS
fastalink200.1/GCA_001323165.1_7755_3_89_genomic.fasta,GCA_001323165.1_7755_3_89_genomic,000000000003771,000000000003771,212222132322212311111212,213122222-22322132232--2,East Asian,lineage2.2.1,rifampicin(R),Beijing
fastalink200.1/GCA_001324325.1_7841_7_70_genomic.fasta,GCA_001324325.1_7841_7_70_genomic,000000000003771,000000000003771,222222122322211321112112,212-22222-23222122232212,East Asian,lineage2.2.1,ofloxacin(R),Beijing
fastalink200.1/GCA_001318885.1_5319_2_3_genomic.fasta,GCA_001318885.1_5319_2_3_genomic,777000377760771,777000377760771,2121261123222111-1111112,21212212-122-26112232--2,Euro-American,lineage4.2.2.2,streptomycin(R),T3-ETH
fastalink200.1/GCA_001319025.1_6505_4_8_genomic.fasta,GCA_001319025.1_6505_4_8_genomic,774137607760771,774137607760771,2112121122211-22-12221-1,223111231-132121-2121-12,Euro-American,lineage4.3.2,ND,LAM5
fastalink200.1/GCA_001324385.1_7935_3_66_genomic.fasta,GCA_001324385.1_7935_3_66_genomic,000000000003771,000000000003771,213222122321211411321113,2-2113232-22222122233-12,East Asian,lineage2.2.1,rifampicin(R),Beijing
fastalink200.1/GCA_001322185.1_6954_7_27_genomic.fasta,GCA_001322185.1_6954_7_27_genomic,000000000003771,000000000003771,212222121222211211111122,212122222-22222121322-12,East Asian,lineage2.2.1,rifampicin(R),Beijing
fastalink200.1/GCA_001323505.1_7156_7_91_genomic.fasta,GCA_001323505.1_7156_7_91_genomic,000000000003771,000000000003771,213222122321213411121112,21-113232-22222122232-12,East Asian,lineage2.2.1,rifampicin(R),Beijing
fastalink200.1/GCA_001323485.1_7841_7_80_genomic.fasta,GCA_001323485.1_7841_7_80_genomic,777740003760771,777740003760771,112223123223211211122-22,112132232223123123322--2,Euro-American,lineage4.3.3,ND,T1
fastalink200.1/GCA_001324145.1_7755_5_81_genomic.fasta,GCA_001324145.1_7755_5_81_genomic,776377777760771,776377777760771,2323221212223112211-1112,212-22312232222121222--2,Euro-American,lineage4.4.1.1,ND,S
fastalink200.1/GCA_001322425.1_6954_8_88_genomic.fasta,GCA_001322425.1_6954_8_88_genomic,000000000003771,000000000003771,212222152322311412121112,212122232-322221-2232-22,East Asian,lineage2.2.1,rifampicin(R),Beijing
fastalink200.1/GCA_001322105.1_6954_7_14_genomic.fasta,GCA_001322105.1_6954_7_14_genomic,000000000003771,000000000003771,212222141222312231132122,213122242233222141322312,East Asian,lineage2.2.1,ND,Beijing
fastalink200.1/GCA_001318785.1_4948_5_2_genomic.fasta,GCA_001318785.1_4948_5_2_genomic,777737557760771,777737557760771,2122121212212122--8--111,28-11221-2--2--1-1-2----,Euro-American,lineage4.7,ND,T5-Madrid2
fastalink200.1/GCA_001322905.1_7755_3_72_genomic.fasta,GCA_001322905.1_7755_3_72_genomic,775777740003771,775777740003771,222225131322211231441112,242222232222225131232312,Indo-Oceanic,lineage2.2,streptomycin(R),Unknown
fastalink200.1/GCA_001318585.1_5237_7_10_genomic.fasta,GCA_001318585.1_5237_7_10_genomic,000000000000771,000000000000771,212224121321111311212112,222112222--32241-1232--2,East Asian,lineage2.2.2,streptomycin(R),Beijing
fastalink200.1/GCA_001322145.1_6954_1_56_genomic.fasta,GCA_001322145.1_6954_1_56_genomic,000000000003771,000000000003771,212222121221211211411122,2-2112222222222121322-12,East Asian,lineage2.2.1,rifampicin(R),Beijing
fastalink200.1/GCA_001324685.1_7935_3_72_genomic.fasta,GCA_001324685.1_7935_3_72_genomic,000000000003771,000000000003771,212222131223212521211122,223132222322222131322212,East Asian,lineage2.2.1,rifampicin(R),Beijing
fastalink200.1/GCA_001322165.1_6972_6_10_genomic.fasta,GCA_001322165.1_6972_6_10_genomic,777760007760771,777760007760771,1111111212211-11-1112--2,112111121113111121122-12,Euro-American,lineage4.3.3,ND,LAM-RUS
fastalink200.1/GCA_001324605.1_7935_3_74_genomic.fasta,GCA_001324605.1_7935_3_74_genomic,000000000003771,000000000003771,213222121221211421321122,2-2113232422222121322-12,East Asian,lineage2.2.1,streptomycin(R),Beijing
fastalink200.1/GCA_001322545.1_6954_8_66_genomic.fasta,GCA_001322545.1_6954_8_66_genomic,000000000003771,000000000003771,212222131322212211111112,213122222222222131232-12,East Asian,lineage2.2.1,ND,Beijing
fastalink200.1/GCA_001323325.1_7755_3_84_genomic.fasta,GCA_001323325.1_7755_3_84_genomic,777577777760771,777577777760771,2132251312211122211-1112,213113222212225131222212,Euro-American,lineage4.8,ND,T1
fastalink200.1/GCA_001323445.1_7769_8_72_genomic.fasta,GCA_001323445.1_7769_8_72_genomic,000000000003771,000000000003771,212322131321211421111212,212-12322-22322131232-12,East Asian,lineage2.2.1,rifampicin(R),Beijing
fastalink200.1/GCA_001322445.1_6972_6_15_genomic.fasta,GCA_001322445.1_6972_6_15_genomic,777777777760471,777777777760471,2122211112222-1221112112,212122222223211111222212,Euro-American,lineage4.1.2,ethionamide(R),T1
fastalink200.1/GCA_001321665.1_6954_1_49_genomic.fasta,GCA_001321665.1_6954_1_49_genomic,000000000003771,000000000003771,232222111221211211131122,212-122-2222222111322-12,East Asian,lineage2.2.1,rifampicin(R),Beijing
fastalink200.1/GCA_001321785.1_6954_7_48_genomic.fasta,GCA_001321785.1_6954_7_48_genomic,000000000003771,000000000003771,213212141221211331411122,2-2113221-222221-1322312,East Asian,lineage2.2.1,ofloxacin(R),Beijing
fastalink200.1/GCA_001323985.1_7769_7_19_genomic.fasta,GCA_001323985.1_7769_7_19_genomic,777777607760771,777777607760771,112224123222211221123-22,112122232224124123322212,Euro-American,lineage4.3.3,rifampicin(R),LAM9
fastalink200.1/GCA_001324305.1_7769_7_34_genomic.fasta,GCA_001324305.1_7769_7_34_genomic,777776777760771,777776777760771,212222122322311331121212,2121222323323221222323-2,Euro-American,lineage4.1,ND,X1
fastalink200.1/GCA_001323665.1_7841_6_5_genomic.fasta,GCA_001323665.1_7841_6_5_genomic,747777770060771,747777770060771,213214122222112322111112,213123221-12224122222-22,Euro-American,lineage4.7,ND,T1
fastalink200.1/GCA_001322005.1_6954_8_51_genomic.fasta,GCA_001322005.1_6954_8_51_genomic,000000000003771,000000000003771,213222141321212321111112,213113222-222221-1232-12,East Asian,lineage2.2.1,ofloxacin(R),Beijing
fastalink200.1/GCA_001324065.1_7156_7_81_genomic.fasta,GCA_001324065.1_7156_7_81_genomic,000000000003771,000000000003771,212222122321212411321112,2-3112232-22222122232-12,East Asian,lineage2.2.1,rifampicin(R),Beijing
fastalink200.1/GCA_001322965.1_7156_7_87_genomic.fasta,GCA_001322965.1_7156_7_87_genomic,000000000003771,000000000003771,212222131321211411112222,212112222-23322131332-12,East Asian,lineage2.2.1,pyrazinamide(R),Beijing
fastalink200.1/GCA_001317865.1_5227_8_2_genomic.fasta,GCA_001317865.1_5227_8_2_genomic,000000000003771,000000000003771,212222131322111311111112,2-21222-2----221-12-2--2,East Asian,lineage2.2.1,streptomycin(R),Beijing
fastalink200.1/GCA_001322845.1_7755_2_22_genomic.fasta,GCA_001322845.1_7755_2_22_genomic,774777777020771,774777777420771,212225113221212211112112,213112222223225113222--2,Euro-American,lineage4.2.1,ND,H3
fastalink200.1/GCA_001318045.1_5227_8_10_genomic.fasta,GCA_001318045.1_5227_8_10_genomic,777777777760771,777777777760771,212212151321211111111212,212112221122-22151232--2,Euro-American,lineage4.1.2.1,streptomycin(R),T1
fastalink200.1/GCA_001318165.1_6505_5_7_genomic.fasta,GCA_001318165.1_6505_5_7_genomic,377577777760671,377577777760671,-----1------1-11--1-----,------------------------,Euro-American,lineage4,ND,T1
fastalink200.1/GCA_001324525.1_7935_3_87_genomic.fasta,GCA_001324525.1_7935_3_87_genomic,000000000003771,000000000003771,213222122222211421211112,222123222-22222122222-12,East Asian,lineage2.2.1,ofloxacin(R),Beijing
fastalink200.1/GCA_001324365.1_7935_3_56_genomic.fasta,GCA_001324365.1_7935_3_56_genomic,000000000003771,000000000003771,212222122222212311212122,223122222323222122322-12,East Asian,lineage2.2.1,rifampicin(R),Beijing
fastalink200.1/GCA_001323125.1_7841_6_20_genomic.fasta,GCA_001323125.1_7841_6_20_genomic,000000000003771,000000000003771,212224131322312312112112,213122222--3224131232-22,East Asian,lineage2.2.1,rifampicin(R),Beijing
fastalink200.1/GCA_001322825.1_7841_7_61_genomic.fasta,GCA_001322825.1_7841_7_61_genomic,777777777760731,777777777760731,212122141221212211211112,223112122222222131222412,Euro-American,lineage4.8,ND,T2
fastalink200.1/GCA_001323825.1_7841_7_75_genomic.fasta,GCA_001323825.1_7841_7_75_genomic,000000000003771,000000000003771,223212122221211331112122,212-13221-23222122322312,East Asian,lineage2.2.1,ND,Beijing
fastalink200.1/GCA_001324485.1_7935_3_68_genomic.fasta,GCA_001324485.1_7935_3_68_genomic,000000000003771,000000000003771,2122221412222124-1211222,223122222-22322141322-12,East Asian,lineage2.2.1,ofloxacin(R),Beijing
fastalink200.1/GCA_001318105.1_5237_5_8_genomic.fasta,GCA_001318105.1_5237_5_8_genomic,777777774020771,777777774020771,212212142321111311211112,22211-221----221422321-2,Euro-American,lineage4.1.2.1,ND,H1
fastalink200.1/GCA_001319045.1_4948_5_11_genomic.fasta,GCA_001319045.1_4948_5_11_genomic,777777777760771,777777777760771,212212141222211211111111,21212222-22222214122-1-2,Euro-American,lineage4.1.2.1,ND,T1
fastalink200.1/GCA_001321945.1_6954_7_45_genomic.fasta,GCA_001321945.1_6954_7_45_genomic,000000000003771,000000000003771,2122221512212113311312-2,2121122-2--23221-1122312,East Asian,lineage2.2.1,rifampicin(R),Beijing
fastalink200.1/GCA_001322405.1_6954_1_93_genomic.fasta,GCA_001322405.1_6954_1_93_genomic,000000000003771,000000000003771,213222121322212211412212,2-3123222223322121232-12,East Asian,lineage2.2.1,rifampicin(R),Beijing
fastalink200.1/GCA_001317925.1_5227_5_8_genomic.fasta,GCA_001317925.1_5227_5_8_genomic,777701777760771,777701777760771,2123121312221-13--1-1112,212122311---2121--222--2,Euro-American,lineage4.4.1.2,ofloxacin(R),T1
fastalink200.1/GCA_001323765.1_7755_3_57_genomic.fasta,GCA_001323765.1_7755_3_57_genomic,000000000003771,000000000003771,213222131321211311312212,2-2113222-23322131232--2,East Asian,lineage2.2.1,ofloxacin(R),Beijing
fastalink200.1/GCA_001322645.1_6954_7_20_genomic.fasta,GCA_001322645.1_6954_7_20_genomic,000000000003771,000000000003771,213222151321212311111-12,213113222-22-221-12-2-12,East Asian,lineage2.2.1,rifampicin(R),Beijing
fastalink200.1/GCA_001322265.1_6954_8_74_genomic.fasta,GCA_001322265.1_6954_8_74_genomic,777777774020771,777777774020771,215222132222211222111222,21212-2222223221323222-2,Euro-American,lineage4.1.2.1,rifampicin(R),H1
fastalink200.1/GCA_001324225.1_7769_8_88_genomic.fasta,GCA_001324225.1_7769_8_88_genomic,000000000003771,000000000003771,232222122322211422122112,212-22232-232221222322-2,East Asian,lineage2.2.1,rifampicin(R),Beijing
fastalink200.1/GCA_001322585.1_6972_6_33_genomic.fasta,GCA_001322585.1_6972_6_33_genomic,774777777420771,774777777420771,2121131122222-1122111122,212122121122213112322222,Euro-American,lineage4.2.1,ofloxacin(R),Ural-1
fastalink200.1/GCA_001322065.1_6586_8_2_genomic.fasta,GCA_001322065.1_6586_8_2_genomic,777776607760771,777776607760771,1122221212242112213-3--2,1-21-221-224122121122--2,Euro-American,lineage4.3.3,rifampicin(R),LAM9
fastalink200.1/GCA_001324085.1_7841_7_66_genomic.fasta,GCA_001324085.1_7841_7_66_genomic,000000000003771,000000000003771,212225152322212421112112,213122222-232251-2232-12,East Asian,lineage2.2.1,rifampicin(R),Beijing
fastalink200.1/GCA_001324345.1_7755_3_50_genomic.fasta,GCA_001324345.1_7755_3_50_genomic,000000000003771,000000000003771,212222122321212421112112,213112222-23222122232212,East Asian,lineage2.2.1,ND,Beijing
fastalink200.1/GCA_001323425.1_7841_7_94_genomic.fasta,GCA_001323425.1_7841_7_94_genomic,000000000003771,000000000003771,222222141222111421112122,212-22222-13222141322212,East Asian,lineage2.2.1,rifampicin(R),Beijing
fastalink200.1/GCA_001323585.1_7841_7_54_genomic.fasta,GCA_001323585.1_7841_7_54_genomic,000000000003771,000000000003771,2132241212222124-1112113,213123222-23224121223-12,East Asian,lineage2.2.1,ofloxacin(R),Beijing
fastalink200.1/GCA_001324665.1_7935_3_79_genomic.fasta,GCA_001324665.1_7935_3_79_genomic,777777770000000,777777770000000,212223121225211422111122,2121-2222-222231213222-2,Euro-American,lineage4.1.2,ND,Unknown
fastalink200.1/GCA_001321965.1_6586_8_5_genomic.fasta,GCA_001321965.1_6586_8_5_genomic,677777777013671,677777777013671,224324121222111321131124,212224342--222412132-212,Indo-Oceanic,lineage1.1.1,rifampicin(R),EAI5
fastalink200.1/GCA_001321705.1_6954_7_11_genomic.fasta,GCA_001321705.1_6954_7_11_genomic,777760007760771,777760007760771,112223121222211111122-22,112122232123123121322-12,Euro-American,lineage4.3.3,ND,LAM-RUS
fastalink200.1/GCA_001324645.1_7935_3_83_genomic.fasta,GCA_001324645.1_7935_3_83_genomic,477777777413071,477777777413071,2242221212211-1221111-13,2122142-22-2112121223-12,Indo-Oceanic,lineage1.1.2,ND,EAI3-IND
fastalink200.1/GCA_001322305.1_6954_8_60_genomic.fasta,GCA_001322305.1_6954_8_60_genomic,777777607760771,777777607760771,112223153222211221212-12,1221222222231231-3222-12,Euro-American,lineage4.3.3,isoniazid(R),LAM9
fastalink200.1/GCA_001324705.1_7935_3_81_genomic.fasta,GCA_001324705.1_7935_3_81_genomic,777760047760771,777760047760771,112222121222211211313-12,1-2122222224122121222-12,Euro-American,lineage4.3.3,ND,T1
fastalink200.1/GCA_001318025.1_5227_6_6_genomic.fasta,GCA_001318025.1_5227_6_6_genomic,777701777760771,777701777760771,2132241312223-131-1--112,2-212-21----2-41--22---2,Euro-American,lineage4.4.1.2,ND,T1
fastalink200.1/GCA_001323365.1_7755_4_45_genomic.fasta,GCA_001323365.1_7755_4_45_genomic,777776777760771,777776777760771,2121221213211112-1112122,212112122213222121332-12,Euro-American,lineage4.8,ND,X1
fastalink200.1/GCA_001318485.1_5477_8_3_genomic.fasta,GCA_001318485.1_5477_8_3_genomic,000000000000771,000000000000771,2121211213211-121-111112,2121121222122111212321-2,East Asian,lineage2.2,streptomycin(R),Beijing
fastalink200.1/GCA_001324505.1_7935_3_86_genomic.fasta,GCA_001324505.1_7935_3_86_genomic,000000000003771,000000000003771,212222141222213421111122,21-122222-22222141322212,East Asian,lineage2.2.1,rifampicin(R),Beijing
fastalink200.1/GCA_001323785.1_7755_3_80_genomic.fasta,GCA_001323785.1_7755_3_80_genomic,777777774020771,777777774020771,212222152322-11-22121212,212122232--2322152232--2,Euro-American,lineage4.1.2.1,ND,H1
fastalink277.2/GCA_001350535.1_7414_6_56_genomic.fasta,GCA_001350535.1_7414_6_56_genomic,760760047700771,760760047700771,112222131221211211111-22,11211222222212-131322-12,Euro-American,lineage4.3.3,ND,Unknown
fastalink277.2/GCA_001325725.1_8939_3_42_genomic.fasta,GCA_001325725.1_8939_3_42_genomic,610146255120161,610146255120161,1-12221121-21-11--1-11-2,112022222112212112122-01,Euro-American,lineage4.8,ND,H3
fastalink277.2/GCA_001350795.1_8080_8_15_genomic.fasta,GCA_001350795.1_8080_8_15_genomic,777777407760771,777777407760771,212224121222111111111112,21212222211222-12122---2,Euro-American,ND,rifampicin(R),LAM9
fastalink277.2/GCA_001328215.1_6570_6_24_genomic.fasta,GCA_001328215.1_6570_6_24_genomic,703377400001771,703377400001771,22211311122111111-2121-2,2222121211132231111221-2,East-African Indian,lineage3.1.1,ND,CAS1-Kili
fastalink277.2/GCA_001377575.1_6972_6_41_genomic.fasta,GCA_001377575.1_6972_6_41_genomic,000000000003771,000000000003771,2131211213312-22-1121112,213113132222211121232-13,East Asian,lineage2.2.1,ofloxacin(R),Beijing
fastalink277.2/GCA_001326095.1_8987_4_9_genomic.fasta,GCA_001326095.1_8987_4_9_genomic,744535365420521,744535365420521,1-5122-211-13--11-11--12,111013122131112021212101,Euro-American,lineage4.2.1,isoniazid(R),Ural-1
fastalink277.2/GCA_001376975.1_6972_6_46_genomic.fasta,GCA_001376975.1_6972_6_46_genomic,000000000003771,000000000003771,2131231212222-22-1112122,213123122223213121322-12,East Asian,lineage2.2.1,rifampicin(R),Beijing
fastalink277.2/GCA_001326045.1_8987_4_36_genomic.fasta,GCA_001326045.1_8987_4_36_genomic,000000000003771,000000000003771,1111111112211--1--11--11,111111121-11111111221-02,East Asian,lineage2.2.1,ND,Beijing
fastalink277.2/GCA_001325165.1_8939_3_64_genomic.fasta,GCA_001325165.1_8939_3_64_genomic,000000000003351,000000000003351,2121121222221--1--11-1-1,211122121-11212122121-02,East Asian,lineage2.2.1,ofloxacin(R),Beijing
fastalink277.2/GCA_001350475.1_7414_6_60_genomic.fasta,GCA_001350475.1_7414_6_60_genomic,000000000003771,000000000003771,212212151222211421211122,222122221-222221-1322-12,East Asian,lineage2.2.1.1,ND,Beijing
fastalink277.2/GCA_001345135.1_6280_7_8_genomic.fasta,GCA_001345135.1_6280_7_8_genomic,000000007760771,000000007760771,2122141213211112111-1113,212112211212224121234112,Euro-American,lineage4.4.1.1,rifampicin(R),LAM
fastalink277.2/GCA_001376795.1_6954_7_13_genomic.fasta,GCA_001376795.1_6954_7_13_genomic,774777777020771,774777777420771,212222111223211222121122,2121322322222221113222-2,Euro-American,lineage4.2.1,ND,H3
fastalink277.2/GCA_001377695.1_6954_7_6_genomic.fasta,GCA_001377695.1_6954_7_6_genomic,774777777420771,774777777420771,213222113221212221111112,213113222222222113222-12,Euro-American,lineage4.2.1,rifampicin(R),Ural-1
fastalink277.2/GCA_001324945.1_8987_5_17_genomic.fasta,GCA_001324945.1_8987_5_17_genomic,000000000003761,000000000003761,2--12114112111123------2,202011112-11121141112302,East Asian,lineage2.2.1,rifampicin(R),Beijing
fastalink277.2/GCA_001325125.1_8987_5_7_genomic.fasta,GCA_001325125.1_8987_5_7_genomic,000000000003641,000000000003641,1112121411-21--22--11112,101121221--2212141212201,East Asian,lineage2.2.1,rifampicin(R),Beijing
fastalink277.2/GCA_001376255.1_6972_6_11_genomic.fasta,GCA_001376255.1_6972_6_11_genomic,777717777760371,777717777760371,2121221122212-22-2211122,223112122-22212112322-22,Euro-American,lineage4.1.2.1,ND,T1
fastalink277.2/GCA_001327835.1_6570_5_5_genomic.fasta,GCA_001327835.1_6570_5_5_genomic,777777757760771,777777757760771,2211131112212-11-12111-1,2222111211222131-1121-12,Euro-American,lineage4.8.2,ND,T5
fastalink277.2/GCA_001325045.1_8939_3_66_genomic.fasta,GCA_001325045.1_8939_3_66_genomic,000000000002571,000000000002571,2-11111211-21111----2111,202021111-13222121211-01,East Asian,lineage2.2.1,rifampicin(R),Beijing
fastalink277.2/GCA_001378055.1_6972_6_36_genomic.fasta,GCA_001378055.1_6972_6_36_genomic,000000000003771,000000000003771,2121241212212-2221122122,213112132223214121322212,East Asian,lineage2.2.1,rifampicin(R),Beijing
fastalink277.2/GCA_001376555.1_6972_6_27_genomic.fasta,GCA_001376555.1_6972_6_27_genomic,000000000003771,000000000003771,2121131212322-22-1121122,213122131222213121322-13,East Asian,lineage2.2.1,ND,Beijing
fastalink277.2/GCA_001327715.1_6570_6_19_genomic.fasta,GCA_001327715.1_6570_6_19_genomic,000000000003771,000000000003771,2222211112221112-12122-2,2222222222133211-112---2,East Asian,lineage2.2.1,ND,Beijing
fastalink277.2/GCA_001345355.1_6180_2_1_genomic.fasta,GCA_001345355.1_6180_2_1_genomic,000000000003771,000000000003771,122114131231212211211112,123212121222224131222113,East Asian,lineage2.2.1,rifampicin(R),Beijing
fastalink277.2/GCA_001328195.1_6540_2_10_genomic.fasta,GCA_001328195.1_6540_2_10_genomic,040000000600771,040000000600771,2-11221214-11-11--11---2,212-11122-1111-131-32-01,Euro-American,lineage4.8.2,ND,Unknown
fastalink277.2/GCA_001325445.1_8987_4_10_genomic.fasta,GCA_001325445.1_8987_4_10_genomic,000000000003671,000000000003671,211112111122-111--111--1,212121121-12122111111-02,East Asian,lineage2.2.1,rifampicin(R),Beijing
fastalink277.2/GCA_001324985.1_8987_4_76_genomic.fasta,GCA_001324985.1_8987_4_76_genomic,601615775720560,601615775720560,11-2121112-21--1-11--111,111121211-11212111221-11,Euro-American,lineage4.1.2.1,rifampicin(R),H3
fastalink277.2/GCA_001325085.1_8987_5_35_genomic.fasta,GCA_001325085.1_8987_5_35_genomic,544467517420771,544467517420771,1--121-111-12--11-1--1-1,111012112121212011111101,Euro-American,lineage4.2.1,ND,NEW-1 (misnamed as Ural-2)
fastalink277.2/GCA_001350555.1_7414_6_12_genomic.fasta,GCA_001350555.1_7414_6_12_genomic,777772777760771,777772777760771,222222131222311421121212,212222232-32322131222212,Euro-American,lineage4.1.1.3,ND,X1
fastalink277.2/GCA_001376615.1_6954_1_72_genomic.fasta,GCA_001376615.1_6954_1_72_genomic,777777607760771,777777607760771,112223122221111221512-22,1-2112222213123122322212,Euro-American,lineage4.3.3,rifampicin(R),LAM9
fastalink277.2/GCA_001375715.1_6954_8_95_genomic.fasta,GCA_001375715.1_6954_8_95_genomic,000000000003771,000000000003771,213222121222211411211112,222123222-22222121222-12,East Asian,lineage2.2.1,ofloxacin(R),Beijing
fastalink277.2/GCA_001325565.1_8987_4_87_genomic.fasta,GCA_001325565.1_8987_4_87_genomic,000000000003371,000000000003371,2112211112-11-11--113-11,212111322-14111111221-01,East Asian,lineage2.2.1,ND,Beijing
fastalink277.2/GCA_001369335.1_Assembly_of_Mycobacterium_caprae_MB5_genome_genomic.fasta,GCA_001369335.1_Assembly_of_Mycobacterium_caprae_MB5_genome_genomic,676773674177600,676773674177600,2122242223221122-1212112,223-22-222-3---2----2-12,M. bovis,La1.7.1,pyrazinamide(R),BOV_1
fastalink277.2/GCA_001328475.1_5237_2_1_genomic.fasta,GCA_001328475.1_5237_2_1_genomic,101372400000671,101372400000671,2-11121111-11111--1-1--1,21201-1111-1123111111--1,East-African Indian,lineage3.1.1,ND,CAS
fastalink277.2/GCA_001376915.1_6954_7_12_genomic.fasta,GCA_001376915.1_6954_7_12_genomic,000000000003771,000000000003771,213222131322212311121122,213123232-22222131332-12,East Asian,lineage2.2.1,ofloxacin(R),Beijing
fastalink277.2/GCA_001327875.1_6570_8_4_genomic.fasta,GCA_001327875.1_6570_8_4_genomic,777777743760771,777777743760771,2221111122212-1111221112,222212131-22211112222112,Euro-American,lineage4.6.2.2,ND,Cameroon
fastalink277.2/GCA_001328515.1_6221_2_6_genomic.fasta,GCA_001328515.1_6221_2_6_genomic,000000374020601,000000374020601,2-112-1113--3--11-1-2-11,211001112-32111111231101,Euro-American,lineage4.1.1,ND,H1
fastalink277.2/GCA_001327815.1_6570_8_9_genomic.fasta,GCA_001327815.1_6570_8_9_genomic,477777777413071,477777777413071,1122241213221-1211212--3,122122222213114121133112,Indo-Oceanic,lineage1.1.2,isoniazid(R),EAI3-IND
fastalink277.2/GCA_001369315.1_Genome_assembly_of_M_bovis_MB2_genomic.fasta,GCA_001369315.1_Genome_assembly_of_M_bovis_MB2_genomic,000000310000000,000000310000000,2233242332221232213-2111,2342233122432342332211-2,"M. Africanum, West African 1",La2,ND,BOV_4-CAPRAE
fastalink277.2/GCA_001375835.1_6954_1_88_genomic.fasta,GCA_001375835.1_6954_1_88_genomic,734777777420771,734777777420771,224222113222211222121112,212224232222222113222--2,Euro-American,lineage4.2.1,ofloxacin(R),Ural-1
fastalink277.2/GCA_001376895.1_6954_1_84_genomic.fasta,GCA_001376895.1_6954_1_84_genomic,000000000003771,000000000003771,222222131322211411211112,222222222-22222131232-12,East Asian,lineage2.2.1,rifampicin(R),Beijing
fastalink277.2/GCA_001326025.1_8939_3_68_genomic.fasta,GCA_001326025.1_8939_3_68_genomic,000000000002771,000000000002771,1111221322221-112-112-11,112121122-13112132221202,East Asian,lineage2.2.1,ofloxacin(R),Beijing
fastalink277.2/GCA_001376095.1_6954_8_68_genomic.fasta,GCA_001376095.1_6954_8_68_genomic,774777777420771,774777777420771,212222113221212222122212,21311223222332-113222222,Euro-American,lineage4.2.1,rifampicin(R),Ural-1
fastalink277.2/GCA_001350675.1_7414_6_52_genomic.fasta,GCA_001350675.1_7414_6_52_genomic,777777607760731,777777607760731,112224151225211222113-12,1121-222222412-1-1222--2,Euro-American,lineage4.3.3,ND,LAM9
fastalink277.2/GCA_001377015.1_6954_8_61_genomic.fasta,GCA_001377015.1_6954_8_61_genomic,774777777020771,774777777420771,214222113221211222112112,21211-222223222113222--2,Euro-American,lineage4.2.1,ND,H3
fastalink277.2/GCA_001350815.1_8080_8_23_genomic.fasta,GCA_001350815.1_8080_8_23_genomic,776177407760771,776177407760771,2122241222222114111111-1,212122222-22224122121-12,Euro-American,lineage4.3.2.1,ND,LAM3
fastalink277.2/GCA_001327615.1_6540_6_11_genomic.fasta,GCA_001327615.1_6540_6_11_genomic,000000007500031,000000007500031,1--1-1--12-21--2211----2,111022111211111021222211,Euro-American,lineage4.1.1.3,ND,Unknown
fastalink277.2/GCA_001325145.1_8898_8_24_genomic.fasta,GCA_001325145.1_8898_8_24_genomic,770177377020431,770177377020431,2141221121-12-111-1-1-14,21211-11212211211221-101,Euro-American,lineage4.2.1,streptomycin(R),H3
fastalink277.2/GCA_001350515.1_7414_6_28_genomic.fasta,GCA_001350515.1_7414_6_28_genomic,777776777760601,777776777760601,223222121221211131111114,21221322212222212122---2,Euro-American,lineage4.1.1,ND,X2
fastalink277.2/GCA_001376815.1_6954_8_53_genomic.fasta,GCA_001376815.1_6954_8_53_genomic,770000777760731,770000777760731,222122141222111241111112,2122221222122221-1222-12,Euro-American,lineage4.8,ND,T1-RUS2
fastalink277.2/GCA_001325645.1_8939_3_40_genomic.fasta,GCA_001325645.1_8939_3_40_genomic,773776377760751,773776377760751,1111211212-11-11--1-1--2,112111112112111121122-01,Euro-American,lineage4.1.2.1,ND,T1
fastalink277.2/GCA_001377355.1_6954_7_18_genomic.fasta,GCA_001377355.1_6954_7_18_genomic,000000000003771,000000000003771,213212151221211211121112,212113231-222221-1222-12,East Asian,lineage2.2.1,rifampicin(R),Beijing
fastalink277.2/GCA_001345315.1_6280_8_9_genomic.fasta,GCA_001345315.1_6280_8_9_genomic,000000000000171,000000000000171,226112111221--1-31111-11,212216121--21121-1222312,East Asian,ND,rifampicin(R),Beijing
fastalink277.2/GCA_001345175.1_6280_7_9_genomic.fasta,GCA_001345175.1_6280_7_9_genomic,777777777760731,777777777760731,2121131112212-2221211112,223112121222213111223-12,Euro-American,lineage4.6.1.2,rifampicin(R),T2
fastalink277.2/GCA_001377435.1_6954_7_39_genomic.fasta,GCA_001377435.1_6954_7_39_genomic,000000000003771,000000000003771,212222151222311211121122,2121222322-22221-1322-12,East Asian,lineage2.2.1,rifampicin(R),Beijing
fastalink277.2/GCA_001376455.1_6954_1_73_genomic.fasta,GCA_001376455.1_6954_1_73_genomic,000000000000771,000000000000771,21-222142322212411112112,213123222-23222142232-12,East Asian,lineage2.2.1,streptomycin(R),Beijing
fastalink277.2/GCA_001327595.1_6570_7_18_genomic.fasta,GCA_001327595.1_6570_7_18_genomic,617776777760601,617776777760601,2212111111211-11-12111-1,2222112211122111-1111-12,Euro-American,lineage4.1.1,rifampicin(R),X2
fastalink277.2/GCA_001325585.1_8898_8_61_genomic.fasta,GCA_001325585.1_8898_8_61_genomic,361777606700500,361777606700500,2112221111-11-11--1----1,21211121211111-111111-01,Euro-American,lineage4.3.4.2,ND,Unknown
fastalink277.2/GCA_001327695.1_6540_7_7_genomic.fasta,GCA_001327695.1_6540_7_7_genomic,271372356760711,271372356760711,1-112211222221-2-11111-1,111021122222222112121-12,Euro-American,lineage4.8.2,ND,T5
fastalink277.2/GCA_001324825.1_8939_3_13_genomic.fasta,GCA_001324825.1_8939_3_13_genomic,753300001700550,753300001700550,1111121111212-11--1----2,112111111121112111122-02,Euro-American,lineage4.3.3,rifampicin(R),Unknown
fastalink277.2/GCA_001345215.1_6180_2_7_genomic.fasta,GCA_001345215.1_6180_2_7_genomic,700377740003771,700377740003771,212113111221211111111122,212112121122223111322112,East-African Indian,lineage3.1.2.1,rifampicin(R),CAS2
fastalink277.2/GCA_001376195.1_6954_1_54_genomic.fasta,GCA_001376195.1_6954_1_54_genomic,000000000003771,000000000003771,212222121322211211212212,222122222223322121232-12,East Asian,lineage2.2.1,rifampicin(R),Beijing
fastalink277.2/GCA_001325385.1_8939_3_86_genomic.fasta,GCA_001325385.1_8939_3_86_genomic,000000000003330,000000000003330,2-12111121211111--1-1-11,212011211-12121112211-02,East Asian,lineage2.2.1,rifampicin(R),Beijing
fastalink277.2/GCA_001328295.1_6540_8_19_genomic.fasta,GCA_001328295.1_6540_8_19_genomic,477760037413070,477760037413070,1121121-22-12--1--111--2,1111121-1-22112112122-01,Indo-Oceanic,lineage1.1.2,ND,EAI3-IND
fastalink277.2/GCA_001325005.1_8987_5_32_genomic.fasta,GCA_001325005.1_8987_5_32_genomic,000000000003731,000000000003731,2-12211121211--1--1-1111,211011212112211112211-02,East Asian,lineage2.2.1,streptomycin(R),Beijing
fastalink277.2/GCA_001377155.1_6954_1_61_genomic.fasta,GCA_001377155.1_6954_1_61_genomic,000000000003771,000000000003771,213222131222312431112112,213123222--3222131222312,East Asian,lineage2.2.1,rifampicin(R),Beijing
fastalink277.2/GCA_001376055.1_6972_6_24_genomic.fasta,GCA_001376055.1_6972_6_24_genomic,000000000003771,000000000003771,2131121123212-1211111112,212-1312122221-112232112,East Asian,lineage2.2.1,ND,Beijing
fastalink277.2/GCA_001345295.1_6280_7_3_genomic.fasta,GCA_001345295.1_6280_7_3_genomic,777777775760731,777777775760731,2111221113212-2111112112,213111122123212111232132,Euro-American,lineage4.6.1.2,rifampicin(R),T2
fastalink277.2/GCA_001324865.1_8987_4_70_genomic.fasta,GCA_001324865.1_8987_4_70_genomic,750000175760700,750000175760700,212112-211-11-11--11---1,212112121111112021111-01,Euro-American,lineage4.8,ND,T1
fastalink277.2/GCA_001377035.1_6954_7_1_genomic.fasta,GCA_001377035.1_6954_7_1_genomic,777777607760771,777777607760771,112223122222211212212-22,122122222223123122322-22,Euro-American,lineage4.3.3,ND,LAM9
fastalink277.2/GCA_001325945.1_8939_3_26_genomic.fasta,GCA_001325945.1_8939_3_26_genomic,000000000003651,000000000003651,112122-3122211-1--11-112,111122122-11222031222-02,East Asian,lineage2.2.1,rifampicin(R),Beijing
fastalink277.2/GCA_001377115.1_6954_1_78_genomic.fasta,GCA_001377115.1_6954_1_78_genomic,000000000003771,000000000003771,213222121222212211212122,223123222223222121322-12,East Asian,lineage2.2.1,ofloxacin(R),Beijing
fastalink277.2/GCA_001376135.1_6954_8_94_genomic.fasta,GCA_001376135.1_6954_8_94_genomic,000000000003771,000000000003771,213222131321212311211112,223113222-22222131232-12,East Asian,lineage2.2.1,ofloxacin(R),Beijing
fastalink277.2/GCA_001328115.1_6540_8_10_genomic.fasta,GCA_001328115.1_6540_8_10_genomic,000000004020601,000000004020601,11-11212132111-11---1--1,101113111-12122121121102,Euro-American,lineage4.1.1,ND,H2
fastalink277.2/GCA_001376675.1_6954_8_52_genomic.fasta,GCA_001376675.1_6954_8_52_genomic,777777777760471,777777777760471,212212121321211312111113,212112221-22222121233-22,Euro-American,lineage4.1.2,ethionamide(R),T1
fastalink277.2/GCA_001376335.1_6972_6_47_genomic.fasta,GCA_001376335.1_6972_6_47_genomic,000000000003771,000000000003771,2221231222222-22-1112123,213222122223213122323-12,East Asian,lineage2.2.1,ND,Beijing
fastalink277.2/GCA_001376635.1_6954_7_25_genomic.fasta,GCA_001376635.1_6954_7_25_genomic,000000000003771,000000000003771,212222121221212211121222,2131122-2222322121322-12,East Asian,lineage2.2.1,ND,Beijing
fastalink277.2/GCA_001376375.1_6954_1_82_genomic.fasta,GCA_001376375.1_6954_1_82_genomic,774777777420771,774777777420771,213222113221212211111112,213113222222222113222-12,Euro-American,lineage4.2.1,rifampicin(R),Ural-1
fastalink277.2/GCA_001376855.1_6972_6_8_genomic.fasta,GCA_001376855.1_6972_6_8_genomic,777740003760771,777740003760771,1131131222221-11-1122-12,112123131113113122222-12,Euro-American,lineage4.3.3,ND,T1
fastalink277.2/GCA_001376695.1_6972_6_9_genomic.fasta,GCA_001376695.1_6972_6_9_genomic,704777777420771,704777777420771,2122131132212-2121211112,223112221122213113222212,Euro-American,lineage4.2.1,rifampicin(R),Ural-1
fastalink277.2/GCA_001325845.1_8898_8_36_genomic.fasta,GCA_001325845.1_8898_8_36_genomic,612747207760711,612747207760711,2--1221-22-11--12-1-1-11,211012112112112122221201,Euro-American,lineage4.3.3,rifampicin(R),LAM
fastalink277.2/GCA_001324805.1_8987_4_1_genomic.fasta,GCA_001324805.1_8987_4_1_genomic,000000000003771,000000000003771,21--211212-12--1--11--11,211111122121111121221-01,East Asian,lineage2.2.1,rifampicin(R),Beijing
fastalink277.2/GCA_001350775.1_8080_8_9_genomic.fasta,GCA_001350775.1_8080_8_9_genomic,777737777760731,777737777760731,2132151422213212-2112112,2121132212332351-2222--2,Euro-American,lineage4.1.2,ND,T3
fastalink277.2/GCA_001325525.1_8987_4_14_genomic.fasta,GCA_001325525.1_8987_4_14_genomic,000000000001271,000000000001271,11-1111212211--1--111-11,111112121-12111111221-02,East Asian,lineage2.2.1,streptomycin(R),Beijing
fastalink277.2/GCA_001376835.1_6954_8_90_genomic.fasta,GCA_001376835.1_6954_8_90_genomic,000000000003771,000000000003771,212225122321211411111212,212112222-22325122232-12,East Asian,lineage2.2.1,ND,Beijing
fastalink277.2/GCA_001377595.1_6972_6_31_genomic.fasta,GCA_001377595.1_6972_6_31_genomic,000000000003771,000000000003771,212113121322211211112212,212122121223323121232112,East Asian,lineage2.2.1,ofloxacin(R),Beijing
fastalink277.2/GCA_001376495.1_6954_7_24_genomic.fasta,GCA_001376495.1_6954_7_24_genomic,000000000003771,000000000003771,221212151321212221121212,213-11231-223221-1232-12,East Asian,lineage2.2.1,rifampicin(R),Beijing
fastalink277.2/GCA_001327635.1_6540_2_16_genomic.fasta,GCA_001327635.1_6540_2_16_genomic,141740003360340,141740003360340,211-22-212-121----111-12,211111222-22122021122-01,Euro-American,lineage4.8.2,ND,T1
fastalink277.2/GCA_001377395.1_6954_1_57_genomic.fasta,GCA_001377395.1_6954_1_57_genomic,000000000003771,000000000003771,232225131222211221111122,212-22222-22225131322212,East Asian,lineage2.2.1,ofloxacin(R),Beijing
fastalink277.2/GCA_001377175.1_6954_1_76_genomic.fasta,GCA_001377175.1_6954_1_76_genomic,777777774020771,777777774020771,213222132221211221111222,212113222222322132322212,Euro-American,lineage4.1.2.1,rifampicin(R),H1
fastalink277.2/GCA_001375775.1_6954_1_68_genomic.fasta,GCA_001375775.1_6954_1_68_genomic,000000000003771,000000000003771,213222141221212231111122,213113222222222141322312,East Asian,lineage2.2.1,ND,Beijing
fastalink277.2/GCA_001326065.1_8987_4_33_genomic.fasta,GCA_001326065.1_8987_4_33_genomic,553272736660471,553272736660471,2111221212-121-12-1-1111,2111111121222221212212-1,Euro-American,lineage4.1,ND,X1
fastalink277.2/GCA_001377555.1_6972_6_5_genomic.fasta,GCA_001377555.1_6972_6_5_genomic,000000000003771,000000000003771,2121241212212112-2112122,212112122223224121322-22,East Asian,lineage2.2.1,ofloxacin(R),Beijing
fastalink277.2/GCA_001376035.1_6954_1_53_genomic.fasta,GCA_001376035.1_6954_1_53_genomic,000000000003771,000000000003771,222222121221211211212112,222212222-23222121222-12,East Asian,lineage2.2.1,ND,Beijing
fastalink277.2/GCA_001345335.1_6280_8_10_genomic.fasta,GCA_001345335.1_6280_8_10_genomic,775777606060731,775777606060731,2111211112212-2211111-12,21311112-222111111222133,Euro-American,lineage4.3.4.2.1,rifampicin(R),LAM11-ZWE
fastalink277.2/GCA_001327775.1_6570_5_16_genomic.fasta,GCA_001327775.1_6570_5_16_genomic,703377400001771,703377400001771,22111311232121112-2111-2,22221-121122223112132--2,East-African Indian,lineage3.1.1,ND,CAS1-Kili
fastalink277.2/GCA_001327735.1_6570_7_23_genomic.fasta,GCA_001327735.1_6570_7_23_genomic,777676777760601,777676777760601,2111231121221-21-1211112,223121122112213112212-12,Euro-American,lineage4.1.1,ND,X2
fastalink277.2/GCA_001377875.1_6954_7_23_genomic.fasta,GCA_001377875.1_6954_7_23_genomic,000000000003771,000000000003771,212222122322211221112112,212122222-23222122232-12,East Asian,lineage2.2.1,ND,Beijing
fastalink277.2/GCA_001376755.1_6954_7_28_genomic.fasta,GCA_001376755.1_6954_7_28_genomic,000000000003771,000000000003771,213222121221211211112122,212113222-23222121322-12,East Asian,lineage2.2.1,rifampicin(R),Beijing
fastalink277.2/GCA_001375955.1_6954_8_57_genomic.fasta,GCA_001375955.1_6954_8_57_genomic,777777777760771,777777777760771,212122122221211241111112,212112122222222122222412,Euro-American,lineage4.8,ND,T1
fastalink277.2/GCA_001324745.1_8987_4_90_genomic.fasta,GCA_001324745.1_8987_4_90_genomic,000000000003771,000000000003771,1-111112222131-1--1--111,111011111-31221122221-02,East Asian,lineage2.2.1,streptomycin(R),Beijing
fastalink277.2/GCA_001377995.1_6954_8_86_genomic.fasta,GCA_001377995.1_6954_8_86_genomic,000000000003771,000000000003771,213222122222212211111122,213123222-22222122322-12,East Asian,lineage2.2.1,rifampicin(R),Beijing
fastalink277.2/GCA_001376215.1_6954_8_50_genomic.fasta,GCA_001376215.1_6954_8_50_genomic,000000000003771,000000000003771,213222121321212211421212,2-3113232222322121232-12,East Asian,lineage2.2.1,rifampicin(R),Beijing
fastalink277.2/GCA_001325025.1_8939_3_35_genomic.fasta,GCA_001325025.1_8939_3_35_genomic,000000000003721,000000000003721,1-111-1111-11112-11-11-1,112011111-12221121111-11,East Asian,lineage2.2.1,rifampicin(R),Beijing
fastalink277.2/GCA_001377755.1_6954_7_22_genomic.fasta,GCA_001377755.1_6954_7_22_genomic,774777777420771,774777777420771,213122113222313222111112,214123122232222113222--2,Euro-American,lineage4.2.1,rifampicin(R),Ural-1
fastalink277.2/GCA_001377795.1_6954_1_74_genomic.fasta,GCA_001377795.1_6954_1_74_genomic,777740003760771,777740003760771,132223131221211211112-12,112-12222223123131222-12,Euro-American,lineage4.3.3,ND,T1
fastalink277.2/GCA_001325865.1_8987_4_82_genomic.fasta,GCA_001325865.1_8987_4_82_genomic,000000000003771,000000000003771,2-1212-221-13-11--11---1,212011221-31112022111-01,East Asian,lineage2.2.1,rifampicin(R),Beijing
fastalink277.2/GCA_001324885.1_8987_5_40_genomic.fasta,GCA_001324885.1_8987_5_40_genomic,534177707400711,534177707400711,1-51231-11212-111-1---11,112013111121113111211102,Euro-American,lineage4.2.1,ND,Unknown
fastalink277.2/GCA_001325905.1_8898_8_34_genomic.fasta,GCA_001325905.1_8898_8_34_genomic,000000000003771,000000000003771,11-1221221-13--1--112--1,111111122-33112122111-01,East Asian,lineage2.2.1,ND,Beijing
fastalink277.2/GCA_001345255.1_6280_8_5_genomic.fasta,GCA_001345255.1_6280_8_5_genomic,717776777760771,717776777760771,2121211112212-12-1211111,22211212222221111122--13,Euro-American,lineage4.1.1.3,rifampicin(R),X1
fastalink277.2/GCA_001350875.1_8080_8_26_genomic.fasta,GCA_001350875.1_8080_8_26_genomic,777777777000371,777777777000371,21222212122231131-311-12,2-2122222--2322121222102,Euro-American,lineage4.7,ND,Unknown
fastalink277.2/GCA_001328035.1_7054_1_16_genomic.fasta,GCA_001328035.1_7054_1_16_genomic,300040377360671,300040377360671,1-21221111222--1211-11-2,111022112122212111112212,Euro-American,lineage4.1.1.3,ND,T1
fastalink277.2/GCA_001328255.1_7054_1_9_genomic.fasta,GCA_001328255.1_7054_1_9_genomic,703735740003101,703735740003101,1121121222-13-111-1--112,112112111131212122222101,East-African Indian,lineage3,ND,CAS1-Delhi
fastalink277.2/GCA_001345115.1_6180_1_6_genomic.fasta,GCA_001345115.1_6180_1_6_genomic,777777477760771,777777477760771,2211111113212-12--1111-2,212211121222211111132-02,Euro-American,lineage4.2.2.2,rifampicin(R),T-H37Rv
fastalink277.2/GCA_001328535.1_6221_2_4_genomic.fasta,GCA_001328535.1_6221_2_4_genomic,450002777020000,450002777020000,11-1-1-12121311---11---1,112112121-31121012111--2,Euro-American,lineage4.1.1,ethambutol(R),H3
fastalink277.2/GCA_001325925.1_8987_4_79_genomic.fasta,GCA_001325925.1_8987_4_79_genomic,547747377560461,547747377560461,211212-121-21-11--11---1,212121221111112112111-11,Euro-American,lineage4.1.2,ethionamide(R),T4
fastalink277.2/GCA_001325625.1_8898_8_58_genomic.fasta,GCA_001325625.1_8898_8_58_genomic,563560003360731,563560003360731,1122111212-12112-1111--2,112112221223121121122-11,Euro-American,lineage4.3.3,ND,LAM-RUS
fastalink277.2/GCA_001328455.1_5237_2_2_genomic.fasta,GCA_001328455.1_5237_2_2_genomic,401155400000121,401177400000121,1-12-11112231111---11--1,1-203-2221-2121121-21--2,East-African Indian,lineage3.1.1,ethionamide(R),Unknown
fastalink277.2/GCA_001376315.1_6954_1_83_genomic.fasta,GCA_001376315.1_6954_1_83_genomic,000000000003771,000000000003771,222222122221212411111222,213212222-22322122322-12,East Asian,lineage2.2.1,streptomycin(R),Beijing
fastalink277.2/GCA_001376595.1_6972_6_12_genomic.fasta,GCA_001376595.1_6972_6_12_genomic,774777777020771,774777777420771,2121141132212-1112111112,212112121122214113222122,Euro-American,lineage4.2.1,ND,H3
fastalink277.2/GCA_001327935.1_6540_7_21_genomic.fasta,GCA_001327935.1_6540_7_21_genomic,003700437000121,003700437000121,1111121-12-22--1--111-12,111123121-22112111222-01,Euro-American,lineage1.2.2.1,ethambutol(R),Unknown
fastalink277.2/GCA_001376175.1_6954_7_16_genomic.fasta,GCA_001376175.1_6954_7_16_genomic,000000000003771,000000000003771,213222121321211211112212,212113222223322121232-12,East Asian,lineage2.2.1,kanamycin(R),Beijing
fastalink277.2/GCA_001325785.1_8939_3_21_genomic.fasta,GCA_001325785.1_8939_3_21_genomic,000000000003331,000000000003331,2-1121--11-111-1--11-1-2,211011122-11211011112-01,East Asian,lineage2.2.1,streptomycin(R),Beijing
fastalink277.2/GCA_001350495.1_7414_6_9_genomic.fasta,GCA_001350495.1_7414_6_9_genomic,776177407760771,776177407760771,2122251313222112121121-1,21212222222322-131131--2,Euro-American,lineage4.3.2.1,ND,LAM3
fastalink277.2/GCA_001377515.1_6972_6_14_genomic.fasta,GCA_001377515.1_6972_6_14_genomic,704777777420771,704777777420771,2121131122212-1122111122,212112121122213112322222,Euro-American,lineage4.2.1,rifampicin(R),Ural-1
fastalink277.2/GCA_001376935.1_6954_8_72_genomic.fasta,GCA_001376935.1_6954_8_72_genomic,000000000003771,000000000003771,212222121221212311111112,213112222-22222121222-12,East Asian,lineage2.2.1,rifampicin(R),Beijing
fastalink277.2/GCA_001376575.1_6954_1_81_genomic.fasta,GCA_001376575.1_6954_1_81_genomic,000000000003771,000000000003771,212212131321212211111112,213112221-22222131232-12,East Asian,lineage2.2.1,streptomycin(R),Beijing
fastalink277.2/GCA_001325345.1_8987_4_24_genomic.fasta,GCA_001325345.1_8987_4_24_genomic,000000000003771,000000000003771,11-1111211222-12--111111,112122121--2211121211-02,East Asian,lineage2.2.1,ND,Beijing
fastalink277.2/GCA_001325885.1_8898_8_33_genomic.fasta,GCA_001325885.1_8898_8_33_genomic,000000000003430,000000000003430,1112111222221-11--1----2,112121211-11111122122-02,East Asian,lineage2.2.1,rifampicin(R),Beijing
fastalink277.2/GCA_001350735.1_8080_8_7_genomic.fasta,GCA_001350735.1_8080_8_7_genomic,000000077760771,000000077760771,2122231232222124222-2112,223122212-23223123222--2,Euro-American,lineage4.4.1.1,ND,T1
fastalink277.2/GCA_001350755.1_8080_8_34_genomic.fasta,GCA_001350755.1_8080_8_34_genomic,000000000003771,000000000003771,2113231412223114-2112112,212121322-3322-1-1222--2,East Asian,lineage2.2.1,ND,Beijing
fastalink277.2/GCA_001324785.1_8898_8_21_genomic.fasta,GCA_001324785.1_8898_8_21_genomic,767531770000731,767531770000731,2--1221322-111-1--111--2,211012122-12122122122-01,Euro-American,lineage4.8,streptomycin(R),Unknown
fastalink277.2/GCA_001327915.1_6540_6_12_genomic.fasta,GCA_001327915.1_6540_6_12_genomic,501376400001701,501376400001701,1-1111-111-121-1----1--1,10101-111122121011111--1,East-African Indian,lineage3.1.1,ND,CAS
fastalink277.2/GCA_001377815.1_6972_6_38_genomic.fasta,GCA_001377815.1_6972_6_38_genomic,000000377420771,000000377420771,2131131112212-21111111-1,213113121122213111121112,Euro-American,lineage4.2.1,ND,NEW-1 (misnamed as Ural-2)
fastalink277.2/GCA_001376535.1_6954_8_92_genomic.fasta,GCA_001376535.1_6954_8_92_genomic,000000000003771,000000000003771,222212131222311221111122,212-222212-2222131322212,East Asian,lineage2.2.1,streptomycin(R),Beijing
fastalink277.2/GCA_001345235.1_6180_2_8_genomic.fasta,GCA_001345235.1_6180_2_8_genomic,700377740003771,700377740003771,2121111312212-11-1211112,222112121122211131222-12,East-African Indian,lineage3.1.2.1,rifampicin(R),CAS2
fastalink277.2/GCA_001375915.1_6954_1_67_genomic.fasta,GCA_001375915.1_6954_1_67_genomic,000000000003771,000000000003771,213225151322212231112122,2131232222232251-1332312,East Asian,lineage2.2.1,ND,Beijing
fastalink277.2/GCA_001325065.1_8939_3_65_genomic.fasta,GCA_001325065.1_8939_3_65_genomic,737736377420771,737736377420771,11421111-22111-1-11---11,111114211111121110221-12,Euro-American,lineage4.2.1.1,ND,Ural-1
fastalink277.2/GCA_001345095.1_6180_1_7_genomic.fasta,GCA_001345095.1_6180_1_7_genomic,777777777760771,777777777760771,2121131213211112-1311112,2-2112121212223121233-12,Euro-American,lineage4,rifampicin(R),T1
fastalink277.2/GCA_001325185.1_8939_3_12_genomic.fasta,GCA_001325185.1_8939_3_12_genomic,000000000002171,000000000002171,2--1121111221--1--111--1,211022121-12112111111-02,East Asian,lineage2.2.1,rifampicin(R),Beijing
fastalink277.2/GCA_001377295.1_6972_6_2_genomic.fasta,GCA_001377295.1_6972_6_2_genomic,000000000003771,000000000003771,2131131222222-22-1111122,213123121222213122322-12,East Asian,lineage2.2.1,rifampicin(R),Beijing
fastalink277.2/GCA_001327795.1_6570_8_1_genomic.fasta,GCA_001327795.1_6570_8_1_genomic,777777757760771,777777757760771,221122142321212111212112,22321-122123222142232112,Euro-American,lineage4.1.2.1,ND,T5
fastalink277.2/GCA_001376015.1_6954_1_66_genomic.fasta,GCA_001376015.1_6954_1_66_genomic,000000000003771,000000000003771,232213131322211511111112,212-22221-22223131232-12,East Asian,lineage2.2.1,ofloxacin(R),Beijing
fastalink277.2/GCA_001328015.1_6570_7_3_genomic.fasta,GCA_001328015.1_6570_7_3_genomic,617776777760601,617776777760601,2111211212222-11112111-1,2221211221222111-1121112,Euro-American,lineage4.1.1,ND,X2
fastalink277.2/GCA_001325965.1_8898_8_42_genomic.fasta,GCA_001325965.1_8898_8_42_genomic,000000000002571,000000000002571,1--2121222221112--11--11,112021221-11122122221-02,East Asian,lineage2.2.1,ND,Beijing
fastalink277.2/GCA_001328335.1_6174_2_8_genomic.fasta,GCA_001328335.1_6174_2_8_genomic,000000000000171,000000000000171,1-1111-112-13-111-111-12,11201-122-321110112221-1,East Asian,lineage3.1.1,isoniazid(R),Beijing
fastalink277.2/GCA_001377255.1_6954_1_60_genomic.fasta,GCA_001377255.1_6954_1_60_genomic,000000000003771,000000000003771,233222122222211211122222,212-23232223322122322-12,East Asian,lineage2.2.1,rifampicin(R),Beijing
fastalink277.2/GCA_001328175.1_7054_1_25_genomic.fasta,GCA_001328175.1_7054_1_25_genomic,376323727740171,376323727740171,11211212222211-12-1-11-1,111122111112222122121202,Euro-American,lineage4.4.1.1,ND,S
fastalink277.2/GCA_001377915.1_6954_1_75_genomic.fasta,GCA_001377915.1_6954_1_75_genomic,777777770000771,777777770000771,2-2122132222111211111112,212022122-12222132222-12,Euro-American,lineage4.8,streptomycin(R),Unknown
fastalink277.2/GCA_001377075.1_6972_6_1_genomic.fasta,GCA_001377075.1_6972_6_1_genomic,000000000003771,000000000003771,2131111123212-12-1111112,212113121222211112232-12,East Asian,lineage2.2.1,ofloxacin(R),Beijing
fastalink277.2/GCA_001377735.1_6972_6_34_genomic.fasta,GCA_001377735.1_6972_6_34_genomic,774777777420771,774777777420771,2131131122212-2121121112,213113131122213112222212,Euro-American,lineage4.2.1,ND,Ural-1
fastalink277.2/GCA_001377315.1_6972_6_44_genomic.fasta,GCA_001377315.1_6972_6_44_genomic,777777777760771,777777777760771,2131131213221-12-1112122,212123121213213121332-12,Euro-American,lineage4.8,ND,T1
fastalink277.2/GCA_001328155.1_6570_7_13_genomic.fasta,GCA_001328155.1_6570_7_13_genomic,777777743760771,777777743760771,211111111221111111111113,212111121-12221111223112,Euro-American,lineage4.6.2.2,isoniazid(R),Cameroon
fastalink277.2/GCA_001328495.1_6174_8_9_genomic.fasta,GCA_001328495.1_6174_8_9_genomic,527726077340341,527726077340341,1111121222-12--111-----1,101111111121112122121111,Euro-American,lineage4.1.1.3.1,ofloxacin(R),T3
fastalink277.2/GCA_001377215.1_6954_1_77_genomic.fasta,GCA_001377215.1_6954_1_77_genomic,000000000003771,000000000003771,212222121321211411112112,212112222-23222121232-12,East Asian,lineage2.2.1,ND,Beijing
fastalink277.2/GCA_001350595.1_7414_6_23_genomic.fasta,GCA_001350595.1_7414_6_23_genomic,000000000003771,000000000003771,212222151221312221211122,2231122222322221-1322-12,East Asian,lineage2.2.1,ND,Beijing
fastalink277.2/GCA_001377375.1_6972_6_13_genomic.fasta,GCA_001377375.1_6972_6_13_genomic,777776777560771,777776777560771,2132141113211-1212222112,222113231--3214111232122,Euro-American,lineage4.1,kanamycin(R),X1
fastalink277.2/GCA_001378075.1_6954_8_63_genomic.fasta,GCA_001378075.1_6954_8_63_genomic,000000000003771,000000000003771,2122121312223-2111111212,2131222211-2312131222-12,East Asian,lineage2.2.1,ND,Beijing
fastalink277.2/GCA_001325985.1_8898_8_19_genomic.fasta,GCA_001325985.1_8898_8_19_genomic,655717277420771,655717277420771,2-411111112221-1---12112,201024121123221111212-02,Euro-American,lineage4.2.1.1,ND,Ural-1
fastalink277.2/GCA_001376995.1_6954_8_54_genomic.fasta,GCA_001376995.1_6954_8_54_genomic,774777777420771,774777777420771,213222113222211221121122,212123232222222113322212,Euro-American,lineage4.2.1,rifampicin(R),Ural-1
fastalink277.2/GCA_001326115.1_8939_3_67_genomic.fasta,GCA_001326115.1_8939_3_67_genomic,514236775420711,514236775420711,1-21121131-121-11-1--1-1,111011111121222123111101,Euro-American,lineage4.2.1,ND,NEW-1 (misnamed as Ural-2)
fastalink277.2/GCA_001377655.1_6954_8_77_genomic.fasta,GCA_001377655.1_6954_8_77_genomic,774777777020771,774777777420771,213225113221213221111112,21-113222222225113222212,Euro-American,lineage4.2.1,ND,H3
fastalink277.2/GCA_001328315.1_6540_8_20_genomic.fasta,GCA_001328315.1_6540_8_20_genomic,600000004020601,600000004020601,1--211-111-13-11-1111--2,112012221-32111011112-11,Euro-American,lineage4.1.1,ND,H1
fastalink277.2/GCA_001377635.1_6972_6_42_genomic.fasta,GCA_001377635.1_6972_6_42_genomic,000000000003771,000000000003771,2131131122212-12-1111122,212113121222213112322-12,East Asian,lineage2.2.1,ofloxacin(R),Beijing
fastalink277.2/GCA_001377455.1_6972_6_3_genomic.fasta,GCA_001377455.1_6972_6_3_genomic,000000000003771,000000000003771,2131231212212-13-1112112,212-13122323213121222-12,East Asian,lineage2.2.1,ofloxacin(R),Beijing
fastalink277.2/GCA_001325745.1_8939_3_92_genomic.fasta,GCA_001325745.1_8939_3_92_genomic,000000000003261,000000000003261,1111121311-21--1--112-11,111121121-13112131111-01,East Asian,lineage2.2.1,rifampicin(R),Beijing
fastalink277.2/GCA_001325765.1_8939_3_94_genomic.fasta,GCA_001325765.1_8939_3_94_genomic,000000000003771,000000000003771,1-12211212223-11--1111-1,112021222-32211121121-02,East Asian,lineage2.2.1,rifampicin(R),Beijing
fastalink277.2/GCA_001325245.1_8987_4_40_genomic.fasta,GCA_001325245.1_8987_4_40_genomic,000000000003231,000000000003231,1-21121111-111-1--111--2,111012121-12122111112-01,East Asian,lineage2.2.1,rifampicin(R),Beijing
fastalink277.2/GCA_001350655.1_7414_6_35_genomic.fasta,GCA_001350655.1_7414_6_35_genomic,000000000003771,000000000003771,212212141222212211112122,2131222212232221-1322--2,East Asian,lineage2.2.1.1,ND,Beijing
fastalink277.2/GCA_001375875.1_6972_6_22_genomic.fasta,GCA_001375875.1_6972_6_22_genomic,000000000003771,000000000003771,2131141213322-12-1122112,212123131223214121232-13,East Asian,lineage2.2.1,rifampicin(R),Beijing
fastalink277.2/GCA_001350635.1_7414_6_41_genomic.fasta,GCA_001350635.1_7414_6_41_genomic,000000000003771,000000000003771,2122221515212112-2132112,2121122-222-22-1-12-2--2,East Asian,lineage2.2.1.1,ND,Beijing
fastalink277.2/GCA_001377275.1_6954_8_75_genomic.fasta,GCA_001377275.1_6954_8_75_genomic,000000000003771,000000000003771,233222121221211211111122,212-13222-22222121322-12,East Asian,lineage2.2.1,rifampicin(R),Beijing
fastalink277.2/GCA_001325685.1_8939_3_39_genomic.fasta,GCA_001325685.1_8939_3_39_genomic,264714374420521,264716374420521,2-4212-111223-111--1--12,202024221131112111212102,Euro-American,lineage4.2.1,rifampicin(R),Ural-1
fastalink277.2/GCA_001376955.1_6954_7_41_genomic.fasta,GCA_001376955.1_6954_7_41_genomic,777777607760071,777777607760071,212222122224112211112-22,2131-222221312-122322-12,Euro-American,lineage4.3.3,ND,LAM9
fastalink277.2/GCA_001376155.1_6954_8_96_genomic.fasta,GCA_001376155.1_6954_8_96_genomic,777777757760771,777777757760771,212124131322111222112122,212122122-13224131332--2,Euro-American,lineage4.8,ND,T5
fastalink277.2/GCA_001325665.1_8898_8_94_genomic.fasta,GCA_001325665.1_8898_8_94_genomic,000000007140551,000000007140551,1111111112-111-32-1-1111,111111111312221111221201,Euro-American,lineage4.4.1.1,ND,LAM
fastalink277.2/GCA_001377055.1_6972_6_29_genomic.fasta,GCA_001377055.1_6972_6_29_genomic,774777777420771,774777777420771,2222131122212-2121211112,223212221122213112222212,Euro-American,lineage4.2.1,rifampicin(R),Ural-1
fastalink277.2/GCA_001376235.1_6972_6_26_genomic.fasta,GCA_001376235.1_6972_6_26_genomic,000000000003771,000000000003771,2131231112212-11-1121122,212113132222213111322-12,East Asian,lineage2.2.1,rifampicin(R),Beijing
fastalink277.2/GCA_001324765.1_8987_4_78_genomic.fasta,GCA_001324765.1_8987_4_78_genomic,000000000003131,000000000003131,2-11121121213-11-111---2,212011121-31112112112-12,East Asian,lineage2.2.1,ofloxacin(R),Beijing
fastalink277.2/GCA_001377095.1_6972_6_16_genomic.fasta,GCA_001377095.1_6972_6_16_genomic,777777777740771,777777777740771,2111231122221111-1112111,212121122113223112221-12,Euro-American,lineage4.8,rifampicin(R),T1
fastalink277.2/GCA_001377835.1_6954_7_32_genomic.fasta,GCA_001377835.1_6954_7_32_genomic,000000000003771,000000000003771,222222121222212211122112,213-22232-23222121222-12,East Asian,lineage2.2.1,ND,Beijing
fastalink277.2/GCA_001375795.1_6954_7_47_genomic.fasta,GCA_001375795.1_6954_7_47_genomic,777777774020771,777777774020771,112222151222212321111212,113122222-22322151222-12,Euro-American,lineage4.1.2.1,streptomycin(R),H1
fastalink277.2/GCA_001325405.1_8987_4_23_genomic.fasta,GCA_001325405.1_8987_4_23_genomic,273376373760241,273376373760241,2111121522252--1--11--11,2111-11211211121-2221-02,Euro-American,lineage4.8,ND,T1
fastalink277.2/GCA_001345155.1_6280_7_10_genomic.fasta,GCA_001345155.1_6280_7_10_genomic,777777603560771,777777603560771,1122221112221-1221222-12,12212223-2131121112222-2,Euro-American,lineage4.3.3,rifampicin(R),T1
fastalink277.2/GCA_001345195.1_6280_8_2_genomic.fasta,GCA_001345195.1_6280_8_2_genomic,007361600000000,007361600000000,2211121213212-1212211-12,2-221112-22-1111212321-3,Euro-American,lineage4.3.4.2.1,rifampicin(R),BOV_4-CAPRAE
fastalink277.2/GCA_001327955.1_6540_4_22_genomic.fasta,GCA_001327955.1_6540_4_22_genomic,762200000000000,762200000000000,1--2211111-111-1--11---1,111011222-111211-1111-01,Euro-American,lineage4.1.1.3.1,ND,Unknown
fastalink277.2/GCA_001377895.1_6954_1_91_genomic.fasta,GCA_001377895.1_6954_1_91_genomic,000000000003771,000000000003771,223222131322211411211112,222223222-22222131232-12,East Asian,lineage2.2.1,ofloxacin(R),Beijing
fastalink277.2/GCA_001378015.1_6954_7_33_genomic.fasta,GCA_001378015.1_6954_7_33_genomic,000000000003771,000000000003771,212222131222212211111122,213122222222222131322-12,East Asian,lineage2.2.1,rifampicin(R),Beijing
fastalink277.2/GCA_001377775.1_6972_6_20_genomic.fasta,GCA_001377775.1_6972_6_20_genomic,000000000003771,000000000003771,2111111123212-22-1121112,213111131222211112232-12,East Asian,lineage2.2.1,rifampicin(R),Beijing
fastalink277.2/GCA_001328275.1_6540_6_14_genomic.fasta,GCA_001328275.1_6540_6_14_genomic,403311400002150,403311400002150,1-11111213-1--11----1--2,1020111111-2111121132--1,East-African Indian,lineage3,ND,Unknown
fastalink277.2/GCA_001350695.1_8080_8_16_genomic.fasta,GCA_001350695.1_8080_8_16_genomic,777777477760771,777777477760771,213222132321212321111113,213113222322222132233-12,Euro-American,lineage4.9,ND,T-H37Rv
fastalink277.2/GCA_001375575.1_PRJEB8877_assembly_1_genomic.fasta,GCA_001375575.1_PRJEB8877_assembly_1_genomic,777777774020771,777777774020771,225313152323312251121313,213235331232423152233512,Euro-American,lineage4.1.2.1,ND,H1
fastalink277.2/GCA_001377195.1_6954_7_38_genomic.fasta,GCA_001377195.1_6954_7_38_genomic,770337777420771,770337777420771,224212113122311231222112,2222242312-3222113212312,Euro-American,lineage4.2.1.1,isoniazid(R),Ural-1
fastalink277.2/GCA_001325425.1_8939_3_73_genomic.fasta,GCA_001325425.1_8939_3_73_genomic,627177717700471,627177717700471,2-1-221211-121-1--111111,211011222-22222121211-01,Euro-American,lineage4.1.2,ethionamide(R),Unknown
fastalink277.2/GCA_001350575.1_7414_6_38_genomic.fasta,GCA_001350575.1_7414_6_38_genomic,000000000003771,000000000003771,212222151221212331221112,223112232-222221-1222--2,East Asian,lineage2.2.1,ND,Beijing
fastalink277.2/GCA_001372235.1_PRJEB7991_assembly_1_genomic.fasta,GCA_001372235.1_PRJEB7991_assembly_1_genomic,777777774020731,777777774020731,2243-3142323312331121213,21323433-332323142233312,Euro-American,lineage4,ND,H1
fastalink277.2/GCA_001328415.1_6280_4_8_genomic.fasta,GCA_001328415.1_6280_4_8_genomic,755552517760471,755552517760471,1-21121112212111--11---1,112012121121122111121-02,Euro-American,lineage4.8.2,isoniazid(R),X1
fastalink277.2/GCA_001325225.1_8939_3_79_genomic.fasta,GCA_001325225.1_8939_3_79_genomic,000000000003661,000000000003661,1-11121121-11111--11--11,112011121-11122112211-01,East Asian,lineage2.2.1,rifampicin(R),Beijing
fastalink277.2/GCA_001328555.1_6221_3_1_genomic.fasta,GCA_001328555.1_6221_3_1_genomic,630732406460231,630732406460231,1--1111222-12--2-11----3,1110111112-1112122123-11,Euro-American,lineage4.3.1.1,isoniazid(R),LAM
fastalink277.2/GCA_001376515.1_6954_7_15_genomic.fasta,GCA_001376515.1_6954_7_15_genomic,000000000003771,000000000003771,213222151221312311231112,2231132-2--22221-1222-12,East Asian,lineage2.2.1,streptomycin(R),Beijing
fastalink277.2/GCA_001328095.1_6540_6_19_genomic.fasta,GCA_001328095.1_6540_6_19_genomic,103117400001560,103117400001560,1111121122211--2---11--1,10111-121211112112121--2,East-African Indian,lineage3.1.1,ND,CAS
fastalink277.2/GCA_001350855.1_8080_8_28_genomic.fasta,GCA_001350855.1_8080_8_28_genomic,000000000003771,000000000003771,212222121321312412221112,223112232--2222121232--2,East Asian,lineage2.2.1,ND,Beijing
fastalink277.2/GCA_001377715.1_6954_8_84_genomic.fasta,GCA_001377715.1_6954_8_84_genomic,000000000003771,000000000003771,212212121222212211112122,213122221223222121322-12,East Asian,lineage2.2.1,rifampicin(R),Beijing
fastalink277.2/GCA_001325825.1_8939_3_22_genomic.fasta,GCA_001325825.1_8939_3_22_genomic,000000000003471,000000000003471,112112-4222211-12-1--1-1,111122111-11222042121202,East Asian,lineage2.2.1,rifampicin(R),Beijing
fastalink277.2/GCA_001345075.1_6180_1_8_genomic.fasta,GCA_001345075.1_6180_1_8_genomic,703777600001771,703777600001771,212214121223-11-11222312,222142231--34241312221-2,East-African Indian,lineage3,rifampicin(R),CAS
fastalink277.2/GCA_001350615.1_7414_6_34_genomic.fasta,GCA_001350615.1_7414_6_34_genomic,777777777760771,777777777760771,212225123222212121112122,213122222123225123322-12,Euro-American,lineage4.8,ND,T1
fastalink277.2/GCA_001376075.1_6954_8_59_genomic.fasta,GCA_001376075.1_6954_8_59_genomic,777777377760771,777777377760771,2232121222222122211-1122,21322322122222-122322-12,Euro-American,lineage4.8,ND,T4
fastalink277.2/GCA_001328055.1_6540_1_16_genomic.fasta,GCA_001328055.1_6540_1_16_genomic,000000014000000,000000014000000,21111112122111-1-1111-11,-11111121-12121121221-12,Euro-American,lineage4.1.1,ND,BOV_4-CAPRAE
fastalink277.2/GCA_001325705.1_8898_8_54_genomic.fasta,GCA_001325705.1_8898_8_54_genomic,000000000001571,000000000001571,1112121221-11--1--1-1--1,111111211-12112122111-01,East Asian,lineage2.2.1,ND,Beijing
fastalink277.2/GCA_001376115.1_6954_7_31_genomic.fasta,GCA_001376115.1_6954_7_31_genomic,000000000003771,000000000003771,223222131222211211121112,212-23232-22222131222-12,East Asian,lineage2.2.1,rifampicin(R),Beijing
fastalink277.2/GCA_001377955.1_6972_6_18_genomic.fasta,GCA_001377955.1_6972_6_18_genomic,777760007760771,777760007760771,1111131222222-1111111--2,112121121122113122122112,Euro-American,lineage4.3.3,ND,LAM-RUS
fastalink277.2/GCA_001375995.1_6954_1_52_genomic.fasta,GCA_001375995.1_6954_1_52_genomic,777777777760771,777777777760771,212122152323211121112122,2121321221232221-2332212,Euro-American,lineage4.8,ND,T1
fastalink277.2/GCA_001325365.1_8987_4_26_genomic.fasta,GCA_001325365.1_8987_4_26_genomic,000000000000771,000000000000771,21-1121111-21-111-1-1112,212122111-12212111212101,East Asian,lineage2.2.1,ND,Beijing
fastalink277.2/GCA_001327655.1_7054_2_78_genomic.fasta,GCA_001327655.1_7054_2_78_genomic,326612277620371,326612277620371,2122121311-13-11--2----2,222111211131112121142-01,Euro-American,lineage4.1.1.3,ND,H3
fastalink277.2/GCA_001375895.1_6954_1_87_genomic.fasta,GCA_001375895.1_6954_1_87_genomic,770000777760771,770000777760771,212115132322211211112112,212122121223225132232-12,Euro-American,lineage4.8,ND,T1-RUS2
fastalink277.2/GCA_001375735.1_6954_1_86_genomic.fasta,GCA_001375735.1_6954_1_86_genomic,000000000003771,000000000003771,213222121322211221122112,212123232-23222121232212,East Asian,lineage2.2.1,rifampicin(R),Beijing
fastalink277.2/GCA_001350715.1_8080_8_22_genomic.fasta,GCA_001350715.1_8080_8_22_genomic,000000000003771,000000000003771,212222151222211411111122,212122222-222221-1322-12,East Asian,lineage2.2.1,ND,Beijing
fastalink277.2/GCA_001324905.1_8987_4_95_genomic.fasta,GCA_001324905.1_8987_4_95_genomic,000000000003771,000000000003771,1--1111422211111--111--1,112011121-12121142121-02,East Asian,lineage2.2.1,rifampicin(R),Beijing
fastalink277.2/GCA_001325285.1_8939_3_58_genomic.fasta,GCA_001325285.1_8939_3_58_genomic,774065577420271,774065577420271,2111211111-221-12-1----2,211121112121122111112-01,Euro-American,lineage4.2.1,ND,Ural-1
fastalink277.2/GCA_001325265.1_8898_8_30_genomic.fasta,GCA_001325265.1_8898_8_30_genomic,000000000001271,000000000001271,1-11121212212-----1-1--2,111011111-22112121122-02,East Asian,lineage2.2.1,rifampicin(R),Beijing
fastalink277.2/GCA_001376275.1_6954_8_93_genomic.fasta,GCA_001376275.1_6954_8_93_genomic,777760007760771,777760007760771,112223151221111221313-12,1-21122222141231-1222-12,Euro-American,lineage4.3.3,ND,LAM-RUS
fastalink277.2/GCA_001377335.1_6954_1_80_genomic.fasta,GCA_001377335.1_6954_1_80_genomic,777760007760771,777760007760771,112223123222211211112-12,112122222223123123222-12,Euro-American,lineage4.3.3,ND,LAM-RUS
fastalink277.2/GCA_001325505.1_8898_8_3_genomic.fasta,GCA_001325505.1_8898_8_3_genomic,000000000003741,000000000003741,2-12221512211111--11-1-1,212011222-112221-1121-02,East Asian,lineage2.2.1,rifampicin(R),Beijing
fastalink277.2/GCA_001378035.1_6954_8_65_genomic.fasta,GCA_001378035.1_6954_8_65_genomic,000000000003771,000000000003771,222222151221212311111122,213212222-222221-1322-12,East Asian,lineage2.2.1,ND,Beijing
fastalink277.2/GCA_001377975.1_6954_8_85_genomic.fasta,GCA_001377975.1_6954_8_85_genomic,770000577760771,770000777760771,223125132225211241311122,2-22-3122-2222-132322-12,Euro-American,lineage4.8,ND,T1-RUS2
fastalink277.2/GCA_001376295.1_6954_8_71_genomic.fasta,GCA_001376295.1_6954_8_71_genomic,000000000003771,000000000003771,212212131121312321111112,213112221--2222131212212,East Asian,lineage2.2.1,rifampicin(R),Beijing
fastalink277.2/GCA_001325305.1_8898_8_29_genomic.fasta,GCA_001325305.1_8898_8_29_genomic,000000000003731,000000000003731,2-11121111-11111--1---11,212011111-11122111211-01,East Asian,lineage2.2.1,ND,Beijing
fastalink277.2/GCA_001377855.1_6954_1_64_genomic.fasta,GCA_001377855.1_6954_1_64_genomic,777740003760771,777740003760771,122223122221211112113-22,112212222124123122322-22,Euro-American,lineage4.3.3,ND,T1
fastalink277.2/GCA_001327755.1_6570_5_15_genomic.fasta,GCA_001327755.1_6570_5_15_genomic,777777777760771,777777777760771,211121111221--1--11-2111,212111112--32111-1221-12,Euro-American,lineage4.4.2,ND,T1
fastalink277.2/GCA_001376395.1_6972_6_25_genomic.fasta,GCA_001376395.1_6972_6_25_genomic,000000000003771,000000000003771,2211121223212-12-11111-2,212211121222212122132-12,East Asian,lineage2.2.1,ofloxacin(R),Beijing
fastalink277.2/GCA_001327975.1_7054_2_65_genomic.fasta,GCA_001327975.1_7054_2_65_genomic,500073400001771,500073400001771,1-21211121-11-111-2--1-2,122012112111211112112101,East-African Indian,lineage3.1.1,ND,CAS
fastalink277.2/GCA_001376435.1_6954_7_42_genomic.fasta,GCA_001376435.1_6954_7_42_genomic,000000000003771,000000000003771,213222122221311111111122,212113222132222122322-12,East Asian,lineage2.2.1,ofloxacin(R),Beijing
fastalink277.2/GCA_001377675.1_6954_7_3_genomic.fasta,GCA_001377675.1_6954_7_3_genomic,000000000003771,000000000003771,212214151222211311212112,222122221-2322-1-1222-12,East Asian,lineage2.2.1,rifampicin(R),Beijing
fastalink277.2/GCA_001376715.1_6954_8_91_genomic.fasta,GCA_001376715.1_6954_8_91_genomic,000000000003771,000000000003771,213222151322212311111112,213123222-222221-1232-12,East Asian,lineage2.2.1,rifampicin(R),Beijing
fastalink277.2/GCA_001324965.1_8898_8_44_genomic.fasta,GCA_001324965.1_8898_8_44_genomic,000000000003761,000000000003761,1--22-1111221-122-11---1,112022222-11111111121202,East Asian,lineage2.2.1,rifampicin(R),Beijing
fastalink277.2/GCA_001376875.1_6954_1_69_genomic.fasta,GCA_001376875.1_6954_1_69_genomic,774777777420771,774777777420771,224125112221211221112112,212-1-122223225112222212,Euro-American,lineage4.2.1,streptomycin(R),Ural-1
fastalink277.2/GCA_001375815.1_6972_6_48_genomic.fasta,GCA_001375815.1_6972_6_48_genomic,577760007760771,577760007760771,1121241212211-1211122-12,112112132213114121222-12,Euro-American,lineage4.3.3,ND,LAM-RUS
fastalink277.2/GCA_001377615.1_6954_1_58_genomic.fasta,GCA_001377615.1_6954_1_58_genomic,777600003760771,777600003760771,112223122222211111222-12,122122232123123122222-12,Euro-American,lineage4.3.3,ND,T1
fastalink277.2/GCA_001376735.1_6954_1_85_genomic.fasta,GCA_001376735.1_6954_1_85_genomic,777777663760771,777777663760771,114222132225211211122-12,1121-4232223122132222-12,Euro-American,lineage4.3.3,rifampicin(R),T1
fastalink277.2/GCA_001376355.1_6954_7_26_genomic.fasta,GCA_001376355.1_6954_7_26_genomic,000000000003771,000000000003771,223222151221411211111122,212-13222--22221-1322-12,East Asian,lineage2.2.1,rifampicin(R),Beijing
fastalink277.2/GCA_001328135.1_7054_1_12_genomic.fasta,GCA_001328135.1_7054_1_12_genomic,303460000000331,303460000000331,1--2211212-22111-11-1--2,112022212122121121122-11,East-African Indian,lineage3,ND,CAS
fastalink277.2/GCA_001375975.1_6954_7_44_genomic.fasta,GCA_001375975.1_6954_7_44_genomic,000000000003771,000000000003771,212222141221311221121122,2121122322-22221-1322-12,East Asian,lineage2.2.1,rifampicin(R),Beijing
fastalink277.2/GCA_001377235.1_6972_6_17_genomic.fasta,GCA_001377235.1_6972_6_17_genomic,000000000003771,000000000003771,2111111223222-12--1111-1,212121121222211122131-02,East Asian,lineage2.2.1,ND,Beijing
fastalink277.2/GCA_001375855.1_6954_7_29_genomic.fasta,GCA_001375855.1_6954_7_29_genomic,000000000003771,000000000003771,212222151221212211111112,2131122222222221-1222-12,East Asian,lineage2.2.1,rifampicin(R),Beijing
fastalink277.2/GCA_001324925.1_8987_4_91_genomic.fasta,GCA_001324925.1_8987_4_91_genomic,000000000003771,000000000003771,111-1-1212211--22-1---12,111111111-11111121222202,East Asian,lineage2.2.1,rifampicin(R),Beijing
fastalink277.2/GCA_001377935.1_6972_6_39_genomic.fasta,GCA_001377935.1_6972_6_39_genomic,000000000003771,000000000003771,2131131213212-12-1111212,212-13121222313121232-12,East Asian,lineage2.2.1,rifampicin(R),Beijing
fastalink277.2/GCA_001325485.1_8939_3_70_genomic.fasta,GCA_001325485.1_8939_3_70_genomic,000000000003760,000000000003760,2-11121112-21111--1-2112,212021121-13222111222-01,East Asian,lineage2.2.1,ofloxacin(R),Beijing
fastalink277.2/GCA_001376475.1_6954_1_71_genomic.fasta,GCA_001376475.1_6954_1_71_genomic,000000000003771,000000000003771,232222141322211421112112,212-22222-23222141232-12,East Asian,lineage2.2.1,rifampicin(R),Beijing
fastalink277.2/GCA_001375935.1_6954_1_51_genomic.fasta,GCA_001375935.1_6954_1_51_genomic,000000000003771,000000000003771,222222121322211211211114,222-2222222222212123--12,East Asian,lineage2.2.1,rifampicin(R),Beijing
fastalink277.2/GCA_001376415.1_6972_6_7_genomic.fasta,GCA_001376415.1_6972_6_7_genomic,777777777760771,777777777760771,2231131213212-21211121-2,213213121123213121132212,Euro-American,lineage4.8,ND,T1
fastalink277.2/GCA_001350835.1_8080_8_10_genomic.fasta,GCA_001350835.1_8080_8_10_genomic,777777477760771,777777477760771,212222132221212322212114,223112222323222132224--2,Euro-American,lineage4.9,ND,T-H37Rv
fastalink277.2/GCA_001345275.1_6280_8_6_genomic.fasta,GCA_001345275.1_6280_8_6_genomic,777777777760771,777777777760771,2121111213212-121-211112,2-2112121222211121233103,Euro-American,lineage4.9,rifampicin(R),T1
fastalink277.2/GCA_001377415.1_6972_6_4_genomic.fasta,GCA_001377415.1_6972_6_4_genomic,000000000003771,000000000003771,2121121213212-1211112112,212112121223212121232112,East Asian,lineage2.2.1,rifampicin(R),Beijing
fastalink277.2/GCA_001377495.1_6954_7_2_genomic.fasta,GCA_001377495.1_6954_7_2_genomic,000000000003771,000000000003771,213222121221212211121112,213113232222222121222-12,East Asian,lineage2.2.1,rifampicin(R),Beijing
fastalink277.2/GCA_001376655.1_6972_6_6_genomic.fasta,GCA_001376655.1_6972_6_6_genomic,774777777420771,774777777420771,2121131122212-1211111212,212112121222313112222112,Euro-American,lineage4.2.1,ND,Ural-1
fastalink277.2/GCA_001377535.1_6954_7_17_genomic.fasta,GCA_001377535.1_6954_7_17_genomic,777777377760771,777777377760771,2132121213211111211-1112,21211322111222-121232-12,Euro-American,lineage4.8,ND,T4
fastalink277.2/GCA_001325465.1_8898_8_11_genomic.fasta,GCA_001325465.1_8898_8_11_genomic,000000000000151,000000000000151,2111211111-21--1--1-11-1,211121112-12211111111-01,East Asian,lineage2.2.1,ND,Beijing
fastalink277.2/GCA_001377475.1_6972_6_32_genomic.fasta,GCA_001377475.1_6972_6_32_genomic,777777777760471,777777777760471,2131131513212-1211111212,212113121222313151232112,Euro-American,lineage4.1.2,ethionamide(R),T1
fastalink277.2/GCA_001327995.1_6540_4_20_genomic.fasta,GCA_001327995.1_6540_4_20_genomic,775777707740670,775777707740670,1--1211112-21-21-1111-11,1130221221-2111111221-11,Euro-American,lineage4.8.2,ND,T1
fastalink277.2/GCA_001375755.1_6954_1_50_genomic.fasta,GCA_001375755.1_6954_1_50_genomic,774777777420771,774777777420771,213222113222211221111112,212123222222222113222-12,Euro-American,lineage4.2.1,rifampicin(R),Ural-1
fastalink277.2/GCA_001376775.1_6954_7_40_genomic.fasta,GCA_001376775.1_6954_7_40_genomic,000000000003771,000000000003771,213222131321311211111112,212113222-32222131232-12,East Asian,lineage2.2.1,rifampicin(R),Beijing
fastalink277.2/GCA_001326005.1_8898_8_38_genomic.fasta,GCA_001326005.1_8898_8_38_genomic,773140003400751,773140003400751,1--1121212-22-12--1-1-12,112021111222112121222-01,Euro-American,lineage4.3.3,ND,Unknown
fastalink277.2/GCA_001328375.1_6174_6_7_genomic.fasta,GCA_001328375.1_6174_6_7_genomic,707171743720311,707171743720311,1-11111221-12--1-------3,101011111121111122113-01,Euro-American,lineage4.8.2,ND,H3
fastalink277.2/GCA_001377135.1_6972_6_28_genomic.fasta,GCA_001377135.1_6972_6_28_genomic,777760007760771,777760007760771,1212211212211-12-1112--1,112211222213111121121-12,Euro-American,lineage4.3.3,ND,LAM-RUS
